client_id,samples,number_of_classes,output_file
ton_iot_client01,20000,10,/nfs/aalqahtani/PFTL_Multi_class/M_PFTL_codes/Multi_class_Datasets/ton_iot_10_virtual_clients/ton_iot_client01.csv
ton_iot_client02,20000,10,/nfs/aalqahtani/PFTL_Multi_class/M_PFTL_codes/Multi_class_Datasets/ton_iot_10_virtual_clients/ton_iot_client02.csv
ton_iot_client03,20000,10,/nfs/aalqahtani/PFTL_Multi_class/M_PFTL_codes/Multi_class_Datasets/ton_iot_10_virtual_clients/ton_iot_client03.csv
ton_iot_client04,20000,10,/nfs/aalqahtani/PFTL_Multi_class/M_PFTL_codes/Multi_class_Datasets/ton_iot_10_virtual_clients/ton_iot_client04.csv
ton_iot_client05,20000,10,/nfs/aalqahtani/PFTL_Multi_class/M_PFTL_codes/Multi_class_Datasets/ton_iot_10_virtual_clients/ton_iot_client05.csv
ton_iot_client06,20000,10,/nfs/aalqahtani/PFTL_Multi_class/M_PFTL_codes/Multi_class_Datasets/ton_iot_10_virtual_clients/ton_iot_client06.csv
ton_iot_client07,20000,10,/nfs/aalqahtani/PFTL_Multi_class/M_PFTL_codes/Multi_class_Datasets/ton_iot_10_virtual_clients/ton_iot_client07.csv
ton_iot_client08,20000,10,/nfs/aalqahtani/PFTL_Multi_class/M_PFTL_codes/Multi_class_Datasets/ton_iot_10_virtual_clients/ton_iot_client08.csv
ton_iot_client09,20000,10,/nfs/aalqahtani/PFTL_Multi_class/M_PFTL_codes/Multi_class_Datasets/ton_iot_10_virtual_clients/ton_iot_client09.csv
ton_iot_client10,20000,10,/nfs/aalqahtani/PFTL_Multi_class/M_PFTL_codes/Multi_class_Datasets/ton_iot_10_virtual_clients/ton_iot_client10.csv
