clients,seed,client_id,rounds,valid_local_count,valid_candidate_count,valid_global_count,local_convergence_round,candidate_convergence_round,global_convergence_round,best_local_macro_f1,best_local_round,best_candidate_macro_f1,best_candidate_round,best_global_macro_f1,best_global_round,final_local_macro_f1,final_candidate_macro_f1,final_global_macro_f1,gamma_global_mean,gamma_global_std,gamma_global_min,gamma_global_max,gamma_global_final,switch_on_count,switch_on_rate,candidate_improvement_mean,global_improvement_mean,elapsed_experiment_sec
6,123,client1_ton_iot_v1,20,20,20,19,15.0,14.0,14.0,0.5514596470952811,18.0,0.5498231416969077,18.0,0.549912,19.0,0.5513270589137991,0.5482004993053918,0.544477,0.5199057767549209,0.011211346474364326,0.4971289188185147,0.5339285986907876,0.5291425606664565,9,0.45,0.0014572994861624135,-0.0027628474958893115,749.647431
6,123,client2_cic_iot_2023_v1,20,20,20,20,14.0,15.0,15.0,0.4179611148220854,19.0,0.4145291234759296,15.0,0.413585218262262,18.0,0.4100183188554376,0.4092174466242112,0.4092394864574058,0.451217053696882,0.02069919478060844,0.4209733226644036,0.4798624045957823,0.4209733226644036,3,0.15,-0.004144271323771316,-0.0037393514186388347,748.496751
6,123,client3_unsw_nb15_v1,20,20,20,20,8.0,12.0,12.0,0.5217821668500948,20.0,0.5250194466468325,16.0,0.5240082235002917,20.0,0.5217821668500948,0.5233647119968806,0.5240082235002917,0.5364598675530335,0.01323771280505275,0.5,0.549651960236138,0.549651960236138,10,0.5,0.0025562443216798096,-0.0011510474682991164,748.212396
6,123,client4_cicids2017_v1,20,20,20,20,16.0,16.0,15.0,0.6271950761747964,20.0,0.6277364350317195,20.0,0.6160676643360713,19.0,0.6271950761747964,0.6277364350317195,0.6067625973886545,0.4986312836869047,0.011601086405416202,0.4828167529545074,0.5155861445400299,0.4833580906583261,5,0.25,-0.0008334938393938726,-0.002101224134259467,748.6898
6,123,client5_bccc_nrc_2024_v1,20,20,20,20,16.0,19.0,15.0,0.5012704700446534,16.0,0.5395124295460713,16.0,0.5220978169160196,15.0,0.4813218568323369,0.5099203881662554,0.4991309243443787,0.4801731623400284,0.04269488999753947,0.451589198966962,0.5969415452513152,0.5969415452513152,12,0.6,0.0048855386280905,0.011193804642447467,749.221181
6,123,client6_idad_2024_v1,20,20,20,20,15.0,12.0,10.0,0.3607969655119648,17.0,0.359666084256285,20.0,0.3612185835983371,19.0,0.3590409896166591,0.359666084256285,0.3545701564691903,0.47521547510725276,0.005053709979720706,0.4657664669274329,0.4831321243734195,0.4773450213414587,8,0.4,-0.0015121454893624903,-0.0024172412654915342,748.367092
12,123,client1_ton_iot_v1,20,20,20,19,14.0,14.0,14.0,0.548953068026727,18.0,0.5477001094868885,19.0,0.546042,19.0,0.5451852890906476,0.5430419025813829,0.541747,0.5460117599096777,0.027403326193541598,0.4990876840163977,0.5736839033031227,0.561208255883671,11,0.55,0.0031790679095384635,-0.0042429608306149905,1219.999783
12,123,client1_ton_iot_v2,20,20,20,19,12.0,12.0,12.0,0.5209989552219589,19.0,0.5194953259303257,19.0,0.519345,19.0,0.4983726326275518,0.5032336711586882,0.507071,0.414779456981471,0.029588304875724385,0.3946280790241558,0.4906315492901915,0.4014909616190099,5,0.25,-0.005993465699614902,-0.008410069175776405,1218.353311
12,123,client2_cic_iot_2023_v1,20,20,20,20,16.0,14.0,16.0,0.4308065469459295,20.0,0.4196653980992007,17.0,0.4184953535597252,16.0,0.4308065469459295,0.4159471263137832,0.4159046146965664,0.46979766196945044,0.017628049891540033,0.4313761298175413,0.4902050146001606,0.4313761298175413,3,0.15,-0.0036085869814952787,-0.0036933405166162357,1217.027785
12,123,client2_cic_iot_2023_v2,20,20,20,20,13.0,13.0,13.0,0.4432059444668977,18.0,0.4421924055919058,18.0,0.440427344507375,18.0,0.4388225206850407,0.4382047410905479,0.4378161426710808,0.47873657109388923,0.012330301949689893,0.4630626138042694,0.5095174388223372,0.4630626138042694,1,0.05,-0.0018413565801716908,-0.00387343510743183,1216.81934
12,123,client3_unsw_nb15_v1,20,20,20,20,16.0,16.0,16.0,0.558861383752279,16.0,0.5636509688038389,16.0,0.5650755879875117,16.0,0.5060461384139948,0.5033168181825178,0.4977538760183502,0.49510740191500197,0.01217293707590238,0.4676532327395485,0.5132790754988751,0.4676532327395485,6,0.3,-0.0016414119101526576,-0.00661068267002432,1216.600817
12,123,client3_unsw_nb15_v2,20,20,20,20,10.0,10.0,10.0,0.4860058530802811,19.0,0.4868086798532014,19.0,0.4879162108286073,19.0,0.4780410719199903,0.4799688724208071,0.4810265418177984,0.48921513769691244,0.007417144359263058,0.4758113392873096,0.5009034253206922,0.4986858163590063,11,0.55,-6.910233410700739e-05,-0.006032878599876661,1216.384657
12,123,client4_cicids2017_v1,20,20,20,20,17.0,17.0,16.0,0.6417273907578128,20.0,0.6407648085464414,20.0,0.6364604319865704,20.0,0.6417273907578128,0.6407648085464414,0.6364604319865704,0.5040254125307122,0.01892773106022843,0.4734063880586023,0.5273793182838729,0.4734063880586023,5,0.25,-0.0013409685155545935,-0.0033702824177100446,1216.930343
12,123,client4_cicids2017_v2,20,20,20,20,17.0,16.0,16.0,0.6313133489668558,18.0,0.629341758104171,18.0,0.6307234341687405,18.0,0.6241438500919572,0.6219126831538196,0.6210059779961591,0.4726371807628748,0.0043388425555389645,0.4626952796129512,0.4793832456384499,0.4660745932403506,1,0.05,-0.0017629065852807653,0.0006294532976239182,1217.244285
12,123,client5_bccc_nrc_2024_v1,20,20,20,20,18.0,20.0,20.0,0.5132907647010033,18.0,0.517513730527402,18.0,0.50153779831164,16.0,0.480770408932842,0.5121419264197251,0.487562720049716,0.44666374793150876,0.026090544050335444,0.4057299374158674,0.4856429348762363,0.4856429348762363,9,0.45,-0.0013324214123600485,-0.0103631247455998,1216.46355
12,123,client5_bccc_nrc_2024_v2,20,20,20,20,12.0,12.0,12.0,0.5269616243736224,16.0,0.5275210056428798,16.0,0.5259489224190224,16.0,0.5244233020551458,0.5254439231827494,0.525468430214133,0.45683083119494217,0.013200030491189488,0.4440224095804287,0.4821418591697192,0.4453225801944874,5,0.25,-0.0028037499071476265,-0.010445628570714635,1217.027741
12,123,client6_idad_2024_v1,20,20,20,20,11.0,11.0,11.0,0.3517880096794283,20.0,0.351610885045068,20.0,0.3518400429249779,20.0,0.3517880096794283,0.351610885045068,0.3518400429249779,0.4612778574817037,0.011415441754626382,0.4346228524500144,0.4714740853623042,0.4712969614688676,11,0.55,-0.00209025983634801,-0.00460456692633143,1217.028212
12,123,client6_idad_2024_v2,20,20,20,20,11.0,11.0,11.0,0.2883316970065344,20.0,0.2867808433799149,20.0,0.2884250245717585,20.0,0.2883316970065344,0.2867808433799149,0.2884250245717585,0.45245600070408337,0.009434315455995976,0.4359995794371474,0.4619339500761185,0.4592560973255443,9,0.45,-0.003634762076161132,-0.001189564321606382,1217.213226
30,123,client1_ton_iot_v1,20,20,20,19,12.0,12.0,14.0,0.5584613786842744,20.0,0.5579404589017134,20.0,0.556859,20.0,0.5584613786842744,0.5579404589017134,0.556859,0.5446596230483143,0.02022353724878839,0.4990876840163977,0.5615054830820289,0.5474307274617953,9,0.45,0.0025843852850198417,-0.0035585376788235855,3232.273752
30,123,client1_ton_iot_v2,20,20,20,19,12.0,12.0,14.0,0.5304631432750146,20.0,0.533725986907994,20.0,0.536738,20.0,0.5304631432750146,0.533725986907994,0.536738,0.5072050443294438,0.012270097491156328,0.4843819778305092,0.5264913481347414,0.5264913481347414,12,0.6,0.0013319586431803673,0.002821148051602671,3232.540897
30,123,client1_ton_iot_v3,20,20,20,19,13.0,11.0,10.0,0.5463019709931921,19.0,0.546834381073017,19.0,0.544348,19.0,0.5296138912355961,0.5357077288962387,0.539313,0.504785033094101,0.014379686763873805,0.478609327635744,0.527076852851453,0.527076852851453,10,0.5,0.0013678278493782729,9.789012983157199e-05,3230.850066
30,123,client1_ton_iot_v4,20,20,20,19,13.0,13.0,13.0,0.5340616032957918,20.0,0.535121991385086,13.0,0.538489,13.0,0.5340616032957918,0.532959665666786,0.526433,0.4486181621062058,0.023602964354049967,0.4128077831760186,0.5014909397681244,0.4602217817691716,10,0.5,-0.002479536458993209,-0.006549610333732397,3232.857172
30,123,client1_ton_iot_v5,20,20,20,19,16.0,19.0,19.0,0.432025447414434,19.0,0.430994773630678,19.0,0.428531,19.0,0.4184990096628837,0.3921001089573947,0.390592,0.41317436428649,0.03118540531625642,0.3620923452827346,0.4625687508745061,0.3620923452827346,3,0.15,-0.011445270061456802,-0.012766504081554535,3232.174987
30,123,client2_cic_iot_2023_v1,20,20,20,20,14.0,14.0,16.0,0.4176957481360317,20.0,0.4170759123656613,20.0,0.4221396370574821,19.0,0.4176957481360317,0.4170759123656613,0.4160287675849212,0.42438010501208756,0.02617882605178424,0.3965403300082924,0.473555502298193,0.4013044251121077,6,0.3,-0.005236197220348303,-0.006122608553827272,3230.31507
30,123,client2_cic_iot_2023_v2,20,20,20,20,15.0,15.0,14.0,0.4489064402312253,19.0,0.4477765549376739,19.0,0.4417903661440486,19.0,0.4374471863900553,0.436090698498373,0.4351183297618736,0.4655302430638891,0.016780840502444546,0.4447443536251079,0.5023126052408107,0.4447443536251079,1,0.05,-0.0028098673277104423,-0.004785118807314706,3229.903161
30,123,client2_cic_iot_2023_v3,20,20,20,20,10.0,9.0,10.0,0.391553429334579,19.0,0.3901014184056546,19.0,0.3965659490782494,19.0,0.3778699340719451,0.3851192238715409,0.3869712563687147,0.47184249141781087,0.0038678067666777574,0.4664948529016849,0.4788649524752417,0.4772570780176886,5,0.25,-0.0013721112255034803,0.003915484643769811,3226.320351
30,123,client2_cic_iot_2023_v4,20,20,20,20,10.0,10.0,10.0,0.4293855795232548,19.0,0.4292171801564139,17.0,0.4298418160916069,19.0,0.4265912972203916,0.4266150138073456,0.4265622818960255,0.5220153738108558,0.008641583147571675,0.5002756007259536,0.5283504943849534,0.5279292019382871,7,0.35,0.001404208768808308,0.0019657914124758496,3228.690358
30,123,client2_cic_iot_2023_v5,20,20,20,20,11.0,11.0,11.0,0.4369372203351503,19.0,0.4359838123325019,19.0,0.434353662867649,19.0,0.4315456349565664,0.4320424775890177,0.4306857583747647,0.4609204779478408,0.016176142072604933,0.4467449756607483,0.501927208763562,0.4472418019409259,4,0.2,-0.0027089263230601853,-0.007642619307189014,3228.781092
30,123,client3_unsw_nb15_v1,20,20,20,20,12.0,12.0,14.0,0.5434416978703843,15.0,0.546144501233406,20.0,0.5506379025098391,20.0,0.5405974188896093,0.546144501233406,0.5506379025098391,0.4616727884911717,0.020525965649097214,0.4423338548510041,0.4959642702244778,0.4583777888309682,7,0.35,-0.002131480395010473,-0.011703598646350528,3227.967392
30,123,client3_unsw_nb15_v2,20,20,20,20,19.0,19.0,19.0,0.538742993933079,19.0,0.5394670224350011,19.0,0.5409794508846487,19.0,0.5271977059599254,0.5264923279722469,0.5238466944708035,0.436692494963674,0.02441744312718183,0.4202270772938562,0.5,0.4223561141554283,2,0.1,-0.003999453234408544,-0.013017026004305415,3227.490899
30,123,client3_unsw_nb15_v3,20,20,20,20,20.0,20.0,20.0,0.4433935310777368,20.0,0.4441532270905095,20.0,0.4459779416885422,20.0,0.4433935310777368,0.4441532270905095,0.4459779416885422,0.4334523449343525,0.02347967780081438,0.4106302878200588,0.502603733499232,0.4363906027438048,11,0.55,-0.0035873404458202232,-0.00451384464908425,3227.165196
30,123,client3_unsw_nb15_v4,20,20,20,20,16.0,16.0,15.0,0.5453314204688496,13.0,0.5455456796960254,13.0,0.5407419153010761,13.0,0.5248928307287481,0.5233737392264309,0.5229675851193135,0.4455423456805976,0.019792381858716006,0.4277916638599896,0.4910413468237555,0.437824601464929,6,0.3,-0.003198612324634259,-0.016103342645304112,3228.466402
30,123,client3_unsw_nb15_v5,20,20,20,20,13.0,13.0,13.0,0.4921895652107722,13.0,0.4901276078280233,13.0,0.4891638656613748,13.0,0.4412504788442821,0.4433716731359842,0.4459114790279988,0.4900661782203593,0.015934128324554386,0.4760274557140465,0.5388207214035837,0.4790290736547089,4,0.2,-0.0012870109337507693,-0.006873012990667738,3226.159992
30,123,client4_cicids2017_v1,20,20,20,20,19.0,18.0,18.0,0.636403008192769,19.0,0.6330525532488307,19.0,0.6307658277038036,19.0,0.6297398416786193,0.6309461035238678,0.6295564095750902,0.4779366845212832,0.02289496766675785,0.4421099283858704,0.501959350844842,0.443315956259913,5,0.25,-0.002875125685168696,-0.004330074533623672,3231.152096
30,123,client4_cicids2017_v2,20,20,20,20,15.0,15.0,15.0,0.6549665654326212,18.0,0.6426110154869697,19.0,0.6423251650361584,19.0,0.6196488173877872,0.6188599042398255,0.6176480058389436,0.45509784245035634,0.030671501370649838,0.3924517457974309,0.4794497473548401,0.3924517457974309,0,0.0,-0.00570082636280782,-0.0053607430848785,3230.945563
30,123,client4_cicids2017_v3,20,20,20,20,16.0,19.0,15.0,0.6261528306056551,19.0,0.6521209280675436,19.0,0.6411107252760739,19.0,0.6233573019134264,0.6386182343742626,0.6385734695229398,0.49777181562215755,0.015488918820738105,0.4794396719988278,0.528798190532557,0.5228220963733824,6,0.3,0.0012769115992954307,-4.6868502979858365e-05,3231.975258
30,123,client4_cicids2017_v4,20,20,20,20,16.0,16.0,16.0,0.6101100877079568,17.0,0.6164311713465247,17.0,0.6157397570382442,17.0,0.5874210231160765,0.5895896362572354,0.5905484550918126,0.47574115968187825,0.005473169163772842,0.4684860456980056,0.4879126858348037,0.4879126858348037,9,0.45,-0.0007839283022866471,0.0030194014695165425,3233.912746
30,123,client4_cicids2017_v5,20,20,20,20,17.0,17.0,16.0,0.5698513659326616,20.0,0.5726818070056708,20.0,0.5745168311302635,20.0,0.5698513659326616,0.5726818070056708,0.5745168311302635,0.4675642707698159,0.006723964950603892,0.4575035953913847,0.4817442210803045,0.4683338982146375,6,0.3,-0.0016304407102240147,0.0003821482683670071,3236.15413
30,123,client5_bccc_nrc_2024_v1,20,20,20,20,15.0,15.0,19.0,0.4947481626050128,19.0,0.5004460868231952,19.0,0.5037876543710776,19.0,0.4790371625425121,0.479971572317096,0.4835197747476979,0.48405783084995857,0.019417492928262503,0.4576588075616354,0.5131166144419294,0.5131166144419294,11,0.55,2.9782775452145276e-05,-0.008503777300234886,3235.215677
30,123,client5_bccc_nrc_2024_v2,20,20,20,20,15.0,15.0,15.0,0.5267616123343698,20.0,0.5271011204072827,20.0,0.5282862755984444,20.0,0.5267616123343698,0.5271011204072827,0.5282862755984444,0.46340931891330683,0.015484880751806379,0.4395436932465613,0.4887310728239836,0.4801903037388986,8,0.4,-0.0013480944063398836,-0.003370119199404375,3231.297919
30,123,client5_bccc_nrc_2024_v3,20,20,20,20,13.0,13.0,13.0,0.5374561490237546,13.0,0.5375220998525438,13.0,0.5378588990731813,13.0,0.4198682326143315,0.4202387894716303,0.42192379885499,0.4936408518562672,0.006855079270122104,0.4839385706826975,0.5061584607679673,0.4843091207558725,2,0.1,-0.0007657246473159313,-0.0027796475075267434,3229.3294
30,123,client5_bccc_nrc_2024_v4,20,20,20,20,20.0,20.0,20.0,0.4742924743538089,20.0,0.4766046020556377,20.0,0.476408562110479,20.0,0.4742924743538089,0.4766046020556377,0.476408562110479,0.49392522316181164,0.011373236032489074,0.4688074152109349,0.5080795802955883,0.5071521624830115,8,0.4,0.000511714501175474,-0.0009522525320368551,3228.74836
30,123,client5_bccc_nrc_2024_v5,20,20,20,20,12.0,20.0,17.0,0.4356798284721493,12.0,0.4414262551507059,12.0,0.4400023037108977,12.0,0.4133294088481291,0.4209221225446603,0.4240047223020741,0.6283766654039895,0.06152341494810215,0.4913948924956822,0.7161020596385582,0.7161020596385582,15,0.75,0.012222611053288859,0.014662648857789303,3236.111679
30,123,client6_idad_2024_v1,20,20,20,20,14.0,14.0,12.0,0.3554417064783212,16.0,0.3534204913990303,16.0,0.3560732074256358,20.0,0.3397750230547786,0.348351266821964,0.3560732074256358,0.4566364776957272,0.01007945176009557,0.4401328471475089,0.470351282561852,0.4702885008022368,9,0.45,-0.0017369244733750802,-0.0007376480396254021,3231.925568
30,123,client6_idad_2024_v2,20,20,20,20,16.0,16.0,15.0,0.2906772476164284,20.0,0.2908056853705823,20.0,0.2902391367869123,20.0,0.2906772476164284,0.2908056853705823,0.2902391367869123,0.4594891382823264,0.008115309653877804,0.4429948905182967,0.4667880456763933,0.4667390909863064,8,0.4,-0.003242272970157884,-0.00021481749811290765,3229.27129
30,123,client6_idad_2024_v3,20,20,20,20,12.0,12.0,13.0,0.2949182822938425,17.0,0.295722920038358,17.0,0.3027746860733599,15.0,0.2925147895652381,0.2920150960615254,0.2892953135005137,0.4590316559987865,0.011060920061143682,0.4446410669667665,0.4769071614672072,0.4764074845988657,7,0.35,-0.004485885876514795,-0.0019157227712777482,3230.450754
30,123,client6_idad_2024_v4,20,20,20,20,20.0,15.0,18.0,0.3008032549021981,20.0,0.3066570309342603,20.0,0.3068212776663797,20.0,0.3008032549021981,0.3066570309342603,0.3068212776663797,0.6135080269933281,0.06266089234729726,0.5074350687601333,0.7143787665512824,0.7143787665512824,12,0.6,0.013441043878120873,0.018300248896773747,3231.20294
30,123,client6_idad_2024_v5,20,20,20,20,16.0,16.0,16.0,0.3336240074858839,17.0,0.3375348213132067,17.0,0.3351286870465099,17.0,0.3265828993431311,0.3267294665098627,0.3277737836702333,0.45680972244665946,0.006127698794129508,0.4497450809412505,0.467514061944232,0.4504916091341962,7,0.35,-0.003174380073250646,-0.00041527565771065644,3230.149374
60,123,client1_ton_iot_v1,20,20,20,19,14.0,13.0,13.0,0.5553625739671707,15.0,0.5523404689784716,20.0,0.549463,20.0,0.555350693718035,0.5523404689784716,0.549463,0.577786577455101,0.02783530027806112,0.515159055016765,0.5990926140687504,0.5915295880315099,12,0.6,0.004778095286678472,-0.00025990712310259466,6877.238116
60,123,client1_ton_iot_v10,20,20,20,19,7.0,8.0,8.0,0.5460100549279508,13.0,0.5494414954326046,13.0,0.549532,13.0,0.5254842061594944,0.526056524908489,0.526952,0.44858636330333146,0.008337553950000793,0.4380726937239131,0.4709419468742034,0.4501522769420802,6,0.3,-0.0027221414133093923,-0.004212222000917127,6887.897401
60,123,client1_ton_iot_v2,20,20,20,19,12.0,9.0,9.0,0.5293239715327713,19.0,0.5291120230715172,18.0,0.527979,19.0,0.5239386221747389,0.5203250394454207,0.520521,0.48229470563205334,0.006468100996387347,0.4709729457483952,0.4910611419292874,0.4831686974535752,5,0.25,-0.0008487729598252912,-0.0009919453738973783,6879.801769
60,123,client1_ton_iot_v3,20,20,20,19,12.0,11.0,11.0,0.5466471375927785,19.0,0.5456373560300918,19.0,0.546063,19.0,0.5401988303863205,0.5411800651869605,0.542334,0.5220683817469058,0.007441431828994205,0.5104018846173733,0.5334634194528286,0.5303291388829416,9,0.45,0.0018553139676017484,-0.003642419437709812,6879.123325
60,123,client1_ton_iot_v4,20,20,20,19,10.0,17.0,17.0,0.5250338197343614,20.0,0.5285682872291215,20.0,0.529572,20.0,0.5250338197343614,0.5285682872291215,0.529572,0.43871361742069315,0.027851988910087663,0.414129455428977,0.5054468425027693,0.4394951285362846,8,0.4,-0.0036690830035555596,-0.0109824662686668,6877.526358
60,123,client1_ton_iot_v5,20,20,20,19,18.0,18.0,18.0,0.3972174864247461,18.0,0.3948738871860775,18.0,0.393923,18.0,0.3711253058197928,0.369310810402085,0.364697,0.4212248743737095,0.024633018186966053,0.3831185877673598,0.4505794575923503,0.3831185877673598,1,0.05,-0.009887513249886293,-0.0073301172102577805,6881.21625
60,123,client1_ton_iot_v6,20,20,20,19,8.0,8.0,11.0,0.5214912216344019,20.0,0.5229024519300062,16.0,0.522654,15.0,0.5214912216344019,0.5219921002932366,0.520467,0.5067732779190512,0.01785304353110744,0.4671943426889654,0.5305822507948232,0.5305822507948232,13,0.65,0.0014746449272378197,0.003729629597516088,6889.206954
60,123,client1_ton_iot_v7,20,20,20,19,8.0,13.0,17.0,0.5567767291128172,19.0,0.5712299114027766,9.0,0.568674,13.0,0.5558051297301371,0.5566243384062733,0.5568,0.5478313422270996,0.05114792988895528,0.4717156727694333,0.6028430063322102,0.6028430063322102,14,0.7,0.005530651609396827,-0.0004186821202404403,6889.43075
60,123,client1_ton_iot_v8,20,20,20,19,17.0,17.0,20.0,0.4899180829894716,18.0,0.4881408889709931,18.0,0.487573,20.0,0.4857802819280739,0.4861362936002352,0.487573,0.4777350892126416,0.021303738960403242,0.4501762963409323,0.5140200138002551,0.4505323019968884,2,0.1,-0.0024840358072788756,-0.0061244027626031,6883.075279
60,123,client1_ton_iot_v9,20,20,20,19,12.0,12.0,12.0,0.3988808218258247,12.0,0.4024341476200741,12.0,0.405705,12.0,0.3107306717586757,0.3077255444561839,0.297148,0.43907906260273216,0.004953704029525667,0.4332204692823814,0.4541347361105495,0.4385709051900987,4,0.2,-0.004719198366815451,0.0008887510132468544,6879.47324
60,123,client2_cic_iot_2023_v1,20,20,20,20,14.0,16.0,16.0,0.4206203999543757,20.0,0.4213317519212674,16.0,0.4185648986490306,16.0,0.4206203999543757,0.416654213131132,0.415219219349041,0.46114040086376545,0.011529883372167305,0.4346572342021729,0.4771183785078546,0.4346572342021729,4,0.2,-0.0034451983437285886,-0.005824457022077368,6872.362188
60,123,client2_cic_iot_2023_v10,20,20,20,20,11.0,12.0,12.0,0.4084821150374683,18.0,0.4066718521318568,18.0,0.4056478979114906,18.0,0.4048563925567756,0.4031701952999078,0.399773797216071,0.4788028025201915,0.019112908904100667,0.4536599658350942,0.5157380698963993,0.4536599658350942,2,0.1,-0.002337202260838409,-0.00320020801057823,6875.094758
60,123,client2_cic_iot_2023_v2,20,20,20,20,15.0,15.0,15.0,0.4427497860374854,19.0,0.4428156012743123,19.0,0.4439086054006965,19.0,0.4405592105697245,0.4408956514341557,0.4378658012891662,0.4494538790795247,0.016941338544263745,0.4300959221154233,0.4753607156669456,0.4308013500466317,0,0.0,-0.003592362205888654,-0.004227752914505633,6877.043298
60,123,client2_cic_iot_2023_v3,20,20,20,20,10.0,11.0,16.0,0.379580923143757,13.0,0.3817282239384184,19.0,0.3820507681833232,19.0,0.3792727213978455,0.3792815262117203,0.379710200639138,0.48098536397609115,0.0064196577854914475,0.4678280268271004,0.4888273799496905,0.486282928050729,5,0.25,-0.0009121161191460562,0.0029058526028849356,6872.425783
60,123,client2_cic_iot_2023_v4,20,20,20,20,12.0,12.0,12.0,0.4409980024977828,19.0,0.4409509160448495,19.0,0.4415019759479367,19.0,0.4338602829238202,0.4373048785095299,0.43586198997926,0.48924788531835145,0.00779709234686499,0.4808529593807095,0.5045222375198378,0.4902548865122074,8,0.4,-0.000501096779807837,-0.002131312589474428,6871.780784
60,123,client2_cic_iot_2023_v5,20,20,20,20,16.0,16.0,16.0,0.439275194044686,18.0,0.4384354717923089,18.0,0.4392887127770629,18.0,0.4371550944710104,0.4345278363805662,0.4306700931992057,0.4319384865137857,0.03230508486652511,0.4046292773527014,0.4987466089354124,0.4046292773527014,2,0.1,-0.005436919895894938,-0.010990634308534763,6875.857386
60,123,client2_cic_iot_2023_v6,20,20,20,20,15.0,15.0,15.0,0.4175787029186036,17.0,0.4183891592318728,17.0,0.409377232516569,19.0,0.4022162426097003,0.4025272740310663,0.4039793050404744,0.4861140315548479,0.01346156778817205,0.4604729975152223,0.5001905127495815,0.4610386961487392,6,0.3,-0.0021488822406403895,-0.004262357896417308,6874.17309
60,123,client2_cic_iot_2023_v7,20,20,20,20,8.0,8.0,7.0,0.4653490152532755,16.0,0.4664261649100898,16.0,0.4636202862879594,17.0,0.4537043156282772,0.4525901702177373,0.4523807638284111,0.4422616696702889,0.012965170600198422,0.4264686935075419,0.4700559839956174,0.4264686935075419,3,0.15,-0.003919050054608533,-0.004380715112237728,6875.369868
60,123,client2_cic_iot_2023_v8,20,20,20,20,12.0,12.0,12.0,0.4486041179026356,18.0,0.4470507503242879,18.0,0.4489852754935637,18.0,0.4435644932982105,0.4407175130824058,0.4400152640211004,0.5016234823402929,0.006982264950171047,0.4851710838538251,0.5105100627449425,0.4975084759995521,6,0.3,-0.00013365988257305902,0.0026059749360406764,6876.399222
60,123,client2_cic_iot_2023_v9,20,20,20,20,15.0,15.0,16.0,0.4058277209667306,18.0,0.410934027812179,18.0,0.4121180010303483,19.0,0.4031394501842128,0.402938152931023,0.4042791942831102,0.5095601859565151,0.005849655609346354,0.4985328557384011,0.5213033920963583,0.5211020959307192,8,0.4,0.001062721357388928,0.0019538204322033883,6871.465953
60,123,client3_unsw_nb15_v1,20,20,20,20,18.0,18.0,15.0,0.5620526357279801,20.0,0.5575439110631119,20.0,0.5441558085089496,20.0,0.5620526357279801,0.5575439110631119,0.5441558085089496,0.4371939650402335,0.02660645845999986,0.4105686298415335,0.4961932888754728,0.4105686298415335,3,0.15,-0.004548186164266883,-0.017205351818045465,6871.293411
60,123,client3_unsw_nb15_v10,20,20,20,20,14.0,14.0,14.0,0.5371449978916724,19.0,0.5381904847589021,19.0,0.5373911218776677,19.0,0.5277337751230574,0.5291118015673475,0.528422425892834,0.48284754140046343,0.008674414644774904,0.4703898085375725,0.5,0.4927998943194306,9,0.45,-0.000370147310369235,-0.008663651127542036,6871.133932
60,123,client3_unsw_nb15_v2,20,20,20,20,20.0,20.0,20.0,0.5421386229105337,16.0,0.5417271056308116,16.0,0.543102962758699,16.0,0.5360354349203534,0.5345997061830405,0.5344240568993622,0.4612904016116075,0.015354813910007079,0.4377458657137751,0.5,0.4377458657137751,1,0.05,-0.003148927883880119,-0.011465302368737402,6872.443124
60,123,client3_unsw_nb15_v3,20,20,20,20,20.0,20.0,8.0,0.4158442821018757,8.0,0.4175640539485185,8.0,0.4186568194888118,8.0,0.4077107872024042,0.4033529687700446,0.3975125672476303,0.4835436344239229,0.009468021267385279,0.4703075637223397,0.5068335210743189,0.4703075637223397,7,0.35,-0.0015832450239466483,-0.0038692794268607848,6869.225165
60,123,client3_unsw_nb15_v4,20,20,20,20,18.0,18.0,18.0,0.5249867822578935,18.0,0.5260874093595457,18.0,0.5234916832821972,18.0,0.4712766109857998,0.4751594457731682,0.4753919552038377,0.46335460159027486,0.017873265023829576,0.4462205893152577,0.4991712054744346,0.4585236595998608,7,0.35,-0.0021053097531900473,-0.015717974179135234,6871.234031
60,123,client3_unsw_nb15_v5,20,20,20,20,17.0,12.0,12.0,0.5007698748243348,12.0,0.4996823332418027,12.0,0.4934918886126868,12.0,0.4658727336511942,0.4607202087552514,0.4531757216134635,0.4993771352550649,0.0304691822805956,0.4471403631584335,0.5501428302620253,0.4471403631584335,2,0.1,-0.002432601718899293,-0.013643643738170721,6871.577978
60,123,client3_unsw_nb15_v6,20,20,20,20,20.0,20.0,20.0,0.4265591060940299,20.0,0.4333595392324388,20.0,0.436830935523033,20.0,0.4265591060940299,0.4333595392324388,0.436830935523033,0.5259413726267512,0.033461171154101826,0.4756865726158457,0.5875952266434974,0.5875952266434974,16,0.8,0.0043711155376636454,0.002276749928989863,6871.826158
60,123,client3_unsw_nb15_v7,20,20,20,20,7.0,7.0,7.0,0.5777657202717891,13.0,0.5798975845963259,13.0,0.5793926833608721,13.0,0.5749555814413484,0.5761374408206493,0.576931451753891,0.5179248199121942,0.007019042476031581,0.5093903541701355,0.5340166873544391,0.5223699456599198,8,0.4,0.0014780318303911327,-0.004466186879622849,6871.365779
60,123,client3_unsw_nb15_v8,20,20,20,20,10.0,8.0,9.0,0.5669901486475789,10.0,0.5560780054687534,10.0,0.5527412125206946,18.0,0.5356554361836422,0.5390090683129289,0.5411611907360966,0.5693815733997246,0.018715601151004388,0.5086629140459841,0.5936217711604739,0.5686285025396278,10,0.5,0.004550450487585987,-0.005735540286960722,6871.697306
60,123,client3_unsw_nb15_v9,20,20,20,20,20.0,14.0,11.0,0.4337137513717743,11.0,0.4329246124506725,11.0,0.429633322278356,11.0,0.4122117792444857,0.415998127927929,0.4202684482768133,0.47140503906660014,0.028655871614238045,0.4501803335198614,0.5477700096884986,0.4605816702063624,8,0.4,-0.0009585244342178347,-0.00840209608705526,6873.319435
60,123,client4_cicids2017_v1,20,20,20,20,17.0,16.0,16.0,0.6337829754733887,19.0,0.6201566755913099,19.0,0.6181098109736732,20.0,0.621628259433419,0.6196783408141576,0.6181098109736732,0.4944767763434606,0.018601581116859715,0.4593993479335957,0.5191909127287667,0.4593993479335957,6,0.3,-0.0021160180990562926,-0.003935959424004794,6876.268837
60,123,client4_cicids2017_v10,20,20,20,20,18.0,19.0,19.0,0.4569637958980378,19.0,0.458584729320427,19.0,0.4608814668103337,19.0,0.4508855440050921,0.4525085798971501,0.4541677648862411,0.5900910407076855,0.056039751920487164,0.4881600864863,0.6396965670605144,0.6396965670605144,13,0.65,0.008213435005056238,0.010916676918284818,6880.088208
60,123,client4_cicids2017_v2,20,20,20,20,18.0,18.0,18.0,0.6640938012349433,18.0,0.6504613650025375,18.0,0.6494614633494404,18.0,0.6284716316706586,0.6284324483570465,0.6289814945311424,0.46955883636109463,0.011363172430089292,0.4490703774678184,0.4830492182805217,0.4497424992207946,2,0.1,-0.002567775292841618,-0.0027323585938423918,6885.604472
60,123,client4_cicids2017_v3,20,20,20,20,17.0,18.0,18.0,0.6136208590046718,20.0,0.6140049556727725,20.0,0.6129401188976341,20.0,0.6136208590046718,0.6140049556727725,0.6129401188976341,0.5016851662025485,0.022203258097117994,0.4704211409157394,0.5381510001130387,0.4708052300285681,4,0.2,-0.0014342044252956868,-0.003564025647699338,6878.77576
60,123,client4_cicids2017_v4,20,20,20,20,16.0,16.0,16.0,0.6123713876963226,19.0,0.6143227011596012,19.0,0.6174483087589134,19.0,0.59236833701223,0.593505730409907,0.596072175332221,0.46863992430641377,0.0039093892134523505,0.4631022449288719,0.4793299594190659,0.4719488695825028,7,0.35,-0.0015781648340437964,0.0005564677834871884,6878.776044
60,123,client4_cicids2017_v5,20,20,20,20,14.0,14.0,14.0,0.5751950208007509,20.0,0.5769155304084823,20.0,0.5784713156986604,20.0,0.5751950208007509,0.5769155304084823,0.5784713156986604,0.5077358707105917,0.025488750463586302,0.4718372251239127,0.5413375100517548,0.5413375100517548,12,0.6,0.0021969588235996335,0.006353589784736819,6887.527324
60,123,client4_cicids2017_v6,20,20,20,20,18.0,18.0,18.0,0.5010881494263778,18.0,0.500050636797495,18.0,0.5003350810899458,18.0,0.4663592347746684,0.4644320850691849,0.4625754320421905,0.49521326058453985,0.006066413883869837,0.4833763857250134,0.5035686754269387,0.4833763857250134,5,0.25,-0.0008399531416658967,-0.002293870728880938,6878.868148
60,123,client4_cicids2017_v7,20,20,20,20,16.0,16.0,16.0,0.6808368640328881,18.0,0.6802770510159296,18.0,0.6733373658607141,18.0,0.6746448895443898,0.6676485791011351,0.6651620354001567,0.5360072723668785,0.019490665161715087,0.503292192135284,0.565634843546652,0.5060232164128148,5,0.25,0.0014815345043864947,-0.0012496298842038626,6889.161422
60,123,client4_cicids2017_v8,20,20,20,20,20.0,20.0,16.0,0.6983868083327044,20.0,0.6982221068418318,20.0,0.6992784550414293,20.0,0.6983868083327044,0.6982221068418318,0.6992784550414293,0.4941052359885608,0.013499443570641399,0.4784070910541728,0.5207442093635419,0.4980893661923229,10,0.5,-0.0001693661859846117,0.006857957764832906,6887.502384
60,123,client4_cicids2017_v9,20,20,20,20,20.0,20.0,20.0,0.6113662359330065,20.0,0.6107171229599343,20.0,0.611680424845615,20.0,0.6113662359330065,0.6107171229599343,0.611680424845615,0.521149601537756,0.016556871154026785,0.4842054657893419,0.5462185360245662,0.5197644184005342,7,0.35,0.0011392051648718377,0.0008587442339862232,6879.385758
60,123,client5_bccc_nrc_2024_v1,20,20,20,20,17.0,17.0,20.0,0.4879202201105363,20.0,0.4917418754604408,20.0,0.5211831680824589,20.0,0.4879202201105363,0.4917418754604408,0.5211831680824589,0.4273951539790667,0.019610977025744044,0.4059588790362705,0.4596937606479163,0.4457379586176771,7,0.35,-0.003990905096120187,-0.004553529392876146,6877.675328
60,123,client5_bccc_nrc_2024_v10,20,20,20,20,12.0,15.0,15.0,0.3579994143897888,16.0,0.3608535658708759,16.0,0.3630433003506307,16.0,0.342398869025639,0.3435497800676242,0.3447342869440817,0.5572100579556158,0.0436544503924285,0.4763499880181769,0.604338571467508,0.604338571467508,13,0.65,0.006119267439971809,0.0020649295432499763,6876.371232
60,123,client5_bccc_nrc_2024_v2,20,20,20,20,19.0,17.0,17.0,0.5254505801903432,20.0,0.5255185283835895,17.0,0.5273818027735737,17.0,0.5254505801903432,0.5245563772201078,0.5240153822798459,0.5047950245832016,0.02139605422384722,0.4768097213067974,0.5446998457107421,0.5438057380621462,11,0.55,0.002620181528082496,-0.004364419063953771,6872.189188
60,123,client5_bccc_nrc_2024_v3,20,20,20,20,12.0,13.0,13.0,0.5385575562974521,13.0,0.5357399082506282,20.0,0.5352531367314076,20.0,0.534908447923405,0.5357399082506282,0.5352531367314076,0.5504371686329819,0.015072728979102501,0.5156540641304931,0.5792843103900202,0.5348505631855304,6,0.3,0.0022164368612115695,-0.008262072675215214,6880.746228
60,123,client5_bccc_nrc_2024_v4,20,20,20,20,19.0,19.0,16.0,0.4698911003147115,17.0,0.4802147707283064,20.0,0.4841538333659571,17.0,0.465477325613921,0.4802147707283064,0.482564818383265,0.554017632510735,0.022353213540342632,0.522973552891495,0.6062075065174746,0.6062075065174746,14,0.7,0.0057927392152248725,0.001800536272212765,6875.979341
60,123,client5_bccc_nrc_2024_v5,20,20,20,20,15.0,12.0,9.0,0.4394642397001691,19.0,0.4397815865309793,19.0,0.4404528242293864,20.0,0.4244280913395899,0.4382316098908791,0.4404528242293864,0.6739382334089947,0.08780758457822188,0.5053833950005684,0.7838113835073117,0.7838113835073117,18,0.9,0.016286144349632905,0.02252022397721535,6874.169687
60,123,client5_bccc_nrc_2024_v6,20,20,20,20,11.0,11.0,17.0,0.4743327679335895,11.0,0.486567746617019,11.0,0.4842704857948775,17.0,0.4491913451376943,0.449459979447566,0.4506469831277924,0.48392525850560403,0.021329909615432543,0.44936430703577,0.5137329392250736,0.5137329392250736,11,0.55,0.0002470706910754655,-0.0025083337546504742,6873.783853
60,123,client5_bccc_nrc_2024_v7,20,20,20,20,18.0,18.0,18.0,0.5211420970290529,19.0,0.5221446122953527,19.0,0.5214274088947475,19.0,0.5112029537964484,0.5096202344048449,0.5070386794101301,0.45074925359166,0.008987003635540737,0.4423174130575258,0.476112745700492,0.442958635549031,5,0.25,-0.003002268121166543,-0.003369270839384276,6873.288447
60,123,client5_bccc_nrc_2024_v8,20,20,20,20,19.0,19.0,19.0,0.5161979398645933,20.0,0.5133688872961025,20.0,0.5102108030458931,20.0,0.5161979398645933,0.5133688872961025,0.5102108030458931,0.42534678560960915,0.008714299651923654,0.4136095018161028,0.4544531893426373,0.4209661255662854,4,0.2,-0.005617934419382869,-0.007125015001277444,6876.998282
60,123,client5_bccc_nrc_2024_v9,20,20,20,20,17.0,18.0,14.0,0.5022712995979018,19.0,0.4956910760516466,12.0,0.4598141319135067,19.0,0.4844185008012354,0.464739553652301,0.4520491597892401,0.46304166847414924,0.01742137310149598,0.4363919932341342,0.4904259741910878,0.4363919932341342,5,0.25,-0.0031905984902532215,-0.011715137652451444,6877.896093
60,123,client6_idad_2024_v1,20,20,20,20,15.0,12.0,19.0,0.3541475682516427,20.0,0.3558507689868335,17.0,0.3614053562667328,17.0,0.3541475682516427,0.3546713857336921,0.3604572735539222,0.45960704675031805,0.029742102516950465,0.4182274819604742,0.5052435001581737,0.5052435001581737,13,0.65,-0.0005969578230460473,0.0003859558413502606,6879.754075
60,123,client6_idad_2024_v10,20,20,20,20,14.0,14.0,12.0,0.2957687779042145,19.0,0.2934677077988249,19.0,0.2932544781652824,19.0,0.2816048328917616,0.2798957686169641,0.2798285712591969,0.44406174488521544,0.010526844649449744,0.4270298425636027,0.4614270164253392,0.4270298425636027,1,0.05,-0.004630140944741252,-0.005773190847422671,6876.819393
60,123,client6_idad_2024_v2,20,20,20,20,14.0,11.0,11.0,0.2874654642810391,16.0,0.2880030254474563,16.0,0.2872938248021277,16.0,0.277164601626719,0.2789945330950757,0.2787784173278495,0.4541693680272097,0.007146333289484969,0.4401116258827447,0.4634224778421274,0.4634224778421274,7,0.35,-0.0034526254669972264,-0.0005006121372297647,6882.786956
60,123,client6_idad_2024_v3,20,20,20,20,13.0,17.0,13.0,0.2987545204773111,20.0,0.3054788541216826,20.0,0.3026898927004764,20.0,0.2987545204773111,0.3054788541216826,0.3026898927004764,0.4659248517160598,0.00958191722943283,0.4510509759404119,0.4848792794104677,0.4848792794104677,10,0.5,-0.003980570322707688,-0.0023653205532450025,6880.338124
60,123,client6_idad_2024_v4,20,20,20,20,17.0,18.0,19.0,0.2996799925035816,20.0,0.3111932227772398,19.0,0.3139853083149015,19.0,0.2996799925035816,0.3003240505295624,0.2947844234930929,0.5726983707774594,0.04434570804292668,0.5066623514030002,0.631674184219586,0.631674184219586,14,0.7,0.007206806487506682,0.011232557223068752,6876.920653
60,123,client6_idad_2024_v5,20,20,20,20,19.0,19.0,13.0,0.3356362952707976,19.0,0.3339160021464035,19.0,0.327861258017036,19.0,0.327874991290714,0.3266842575024425,0.3247191616873047,0.4856627958703178,0.020999557801848156,0.4586266623339463,0.514530448584443,0.5036108252967785,11,0.55,-0.0003887370820720871,0.0032860309366411398,6881.120197
60,123,client6_idad_2024_v6,20,20,20,20,17.0,17.0,20.0,0.3174586822306389,17.0,0.3095815562356103,17.0,0.3092721268579569,17.0,0.2913197707193359,0.2905080540096067,0.3006812759774166,0.43616870961998355,0.006692914113092515,0.4296782525035031,0.4536251012460678,0.431309020163048,6,0.3,-0.005223877377077123,-0.00413037655603245,6879.059222
60,123,client6_idad_2024_v7,20,20,20,20,18.0,13.0,13.0,0.402516585341497,19.0,0.3955367493814519,19.0,0.3921341779901477,20.0,0.3955612698603087,0.3944256727810276,0.3921341779901477,0.40982084314366746,0.016291158540827324,0.3837924922883242,0.4584193604674965,0.3837924922883242,3,0.15,-0.007130762366143415,-0.009426645947962666,6878.92634
60,123,client6_idad_2024_v8,20,20,20,20,17.0,17.0,13.0,0.3704588907410846,19.0,0.3688449854882041,19.0,0.3625606752535125,19.0,0.3552466610442542,0.3549453846692172,0.3521017675309855,0.4159272638247762,0.009890046176779577,0.4067673012237628,0.453428160765822,0.4067673012237628,3,0.15,-0.0071957023523110146,-0.007805847371016697,6887.805641
60,123,client6_idad_2024_v9,20,20,20,20,14.0,9.0,12.0,0.3075197230136497,20.0,0.3171930472161958,14.0,0.3315288335003769,14.0,0.3075197230136497,0.3146949804282843,0.324948025291277,0.5810895999327524,0.08177250870016961,0.4431471851793539,0.6909739926676588,0.6909739926676588,18,0.9,0.007110549017566711,0.01411810112115724,6879.794929
90,123,client1_ton_iot_v1,20,20,20,19,14.0,14.0,14.0,0.5533137067561864,19.0,0.5539670132953465,19.0,0.554335,19.0,0.5431639726342513,0.5408781458645435,0.543652,0.5562121924018802,0.03545797336856936,0.494539015528486,0.5859846017463123,0.5829960465110842,10,0.5,0.004343084267155513,0.0005745562661906001,10828.466255
90,123,client1_ton_iot_v10,20,20,20,19,7.0,7.0,7.0,0.5477482022108598,17.0,0.547998484309984,17.0,0.548016,17.0,0.540162389593561,0.5355173959084324,0.535074,0.47501691929718304,0.006043039184191591,0.4649350395620586,0.4818378020344685,0.4769994590271798,7,0.35,-0.001298759182369166,-0.0007993074123283409,10832.460375
90,123,client1_ton_iot_v11,20,20,20,19,9.0,13.0,11.0,0.5628650929546213,16.0,0.565962400152878,18.0,0.556797,16.0,0.5579438349862207,0.5634128139388006,0.537552,0.45836378454383436,0.023092496248809855,0.4387165152040682,0.5106306697754279,0.4529138765051143,8,0.4,-0.0026180906645960787,-0.019171214720107795,10836.517084
90,123,client1_ton_iot_v12,20,20,20,19,13.0,13.0,13.0,0.4761128195077348,19.0,0.4747817619314968,19.0,0.472931,19.0,0.4727206185078127,0.4718085521572885,0.464826,0.44933817781406055,0.030870645570708854,0.4166203669691175,0.4990069518842175,0.4166203669691175,1,0.05,-0.004217893947991884,-0.009637117814373743,10830.777887
90,123,client1_ton_iot_v13,20,20,20,19,6.0,6.0,7.0,0.5723298243615175,9.0,0.5737610606613363,9.0,0.571708,10.0,0.5569171541176758,0.5553139403485171,0.551543,0.4277525405181108,0.02664351222586559,0.4105581640219098,0.4984044508292106,0.4135238018204388,7,0.35,-0.005021824990360754,-0.013455063395340212,10825.709524
90,123,client1_ton_iot_v14,20,20,20,19,15.0,18.0,18.0,0.5300012729559708,15.0,0.5097255156819223,18.0,0.514272,18.0,0.3816607261997432,0.3805335113072042,0.378041,0.4214129693828378,0.030870565459752367,0.3822807189624028,0.4602464621124627,0.3854013853650401,4,0.2,-0.007482181584738368,-0.003222192108769861,10833.904015
90,123,client1_ton_iot_v15,20,20,20,19,14.0,14.0,14.0,0.4911519134133276,12.0,0.4911013151281523,15.0,0.487553,15.0,0.4733935848577261,0.4783965508204961,0.4782,0.5321908212390234,0.022331579338873232,0.4932607451488011,0.5680364571868678,0.5680364571868678,11,0.55,0.0035277134942073365,0.0004666340980765923,10834.936885
90,123,client1_ton_iot_v2,20,20,20,19,12.0,12.0,12.0,0.534957983136173,20.0,0.5360135112297704,20.0,0.538432,20.0,0.534957983136173,0.5360135112297704,0.538432,0.49227763521550294,0.01907493712582039,0.4768333993541199,0.5286310516685607,0.4825771812869072,7,0.35,-0.0007394700683231684,-0.003618658326665751,10830.385466
90,123,client1_ton_iot_v3,20,20,20,19,12.0,12.0,14.0,0.5432141180997341,19.0,0.545956578347947,19.0,0.546148,19.0,0.537517108999954,0.5391309813790215,0.539194,0.4737191534760009,0.012769978969936424,0.4597003891939009,0.5116478390011018,0.47655431190771,10,0.5,-0.0012228241063999162,-0.005910374872278412,10827.353146
90,123,client1_ton_iot_v4,20,20,20,19,11.0,11.0,11.0,0.5139871861833234,18.0,0.5171899682402417,14.0,0.519853,14.0,0.5136786467756804,0.5164663799911872,0.516638,0.48870146543285375,0.010791728247109847,0.4722567648763114,0.52456107403116,0.4893891676380301,6,0.3,-0.0005492307903814848,-0.009364123094581176,10830.609587
90,123,client1_ton_iot_v5,20,20,20,19,18.0,18.0,18.0,0.4309788887500662,20.0,0.4315618585146037,20.0,0.425368,20.0,0.4309788887500662,0.4315618585146037,0.425368,0.4426211973471674,0.019886989267535102,0.4063064875957387,0.4619117179953045,0.4068894309451181,2,0.1,-0.008384033256340942,-0.010603624540311067,10831.459252
90,123,client1_ton_iot_v6,20,20,20,19,10.0,10.0,10.0,0.5215595025910245,19.0,0.5242122486860123,19.0,0.525159,19.0,0.5124746198363367,0.5155618190901687,0.516441,0.4878533125480904,0.009579023017378103,0.4761599609063221,0.5050686089653899,0.5050686089653899,12,0.6,0.00015199624081624878,0.000552806581128697,10831.754271
90,123,client1_ton_iot_v7,20,20,20,19,19.0,18.0,18.0,0.5829629802629054,20.0,0.5660910485349891,8.0,0.577728,15.0,0.5829629802629054,0.5575200071971597,0.552055,0.5784787959372342,0.06585037908523692,0.4831041735517476,0.6525695843683332,0.6134268800908059,13,0.65,0.006296794317789149,0.008708666383198222,10830.226629
90,123,client1_ton_iot_v8,20,20,20,19,16.0,16.0,16.0,0.4783686783648794,18.0,0.47551091415048,18.0,0.473781,16.0,0.4588243171646152,0.4564993794377251,0.454162,0.47653800070538976,0.019931658000503207,0.4471002988220667,0.512967834772528,0.4471002988220667,3,0.15,-0.0026621018513148763,-0.003744105635269152,10834.928465
90,123,client1_ton_iot_v9,20,20,20,19,20.0,20.0,20.0,0.3759906322689199,20.0,0.3761010541201771,20.0,0.376913,20.0,0.3759906322689199,0.3761010541201771,0.376913,0.43271188806679295,0.00775032824069328,0.4222676275005968,0.4533980918340441,0.4223780491723382,2,0.1,-0.005741789742296131,-0.0004725102021212764,10852.04477
90,123,client2_cic_iot_2023_v1,20,20,20,20,19.0,19.0,19.0,0.4354457846108091,19.0,0.435278693763107,19.0,0.4251581570110585,19.0,0.4306631289458712,0.4277269182465439,0.4248279329268704,0.4437602464807848,0.03512182811528192,0.400946031962963,0.4876989153211447,0.400946031962963,3,0.15,-0.005240616257793258,-0.006329382823700264,10831.800468
90,123,client2_cic_iot_2023_v10,20,20,20,20,15.0,15.0,15.0,0.4162617121394036,17.0,0.4145000605400671,18.0,0.4128082485120705,18.0,0.4119817830366279,0.4096641157301253,0.4068144135657105,0.4649696199579859,0.016992271819768496,0.4486671486032527,0.5035860454693243,0.4486671486032527,4,0.2,-0.0027227044673343486,-0.003169327032826674,10820.899834
90,123,client2_cic_iot_2023_v11,20,20,20,20,10.0,13.0,13.0,0.4341261680339623,18.0,0.4331469455584795,19.0,0.4342629188470885,19.0,0.4266256717177234,0.4278898951788602,0.4274953420238458,0.4798062043491321,0.020329905331415096,0.4595276916955407,0.5216759329654185,0.4607916458176862,3,0.15,-0.0019932279717047156,-0.003982250415547007,10821.113172
90,123,client2_cic_iot_2023_v12,20,20,20,20,9.0,10.0,10.0,0.4436803254605313,20.0,0.4428378175528245,20.0,0.4411214009508266,20.0,0.4436803254605313,0.4428378175528245,0.4411214009508266,0.45140840542037014,0.007490917214172309,0.4410538007152278,0.4672747605593266,0.4461652384659632,5,0.25,-0.0030721977974140064,-0.004079757004256744,10823.292114
90,123,client2_cic_iot_2023_v13,20,20,20,20,19.0,19.0,16.0,0.445116810202071,19.0,0.4554048117775419,19.0,0.433933629189551,19.0,0.4113192944043347,0.4092297429540538,0.4105445954673265,0.4457868128510597,0.014034053165752512,0.4218424506994787,0.4767717491354653,0.429899345398006,5,0.25,-0.003694300979418855,-0.010424437381778697,10816.702561
90,123,client2_cic_iot_2023_v14,20,20,20,20,10.0,13.0,13.0,0.4005617550669243,20.0,0.4009060160516554,20.0,0.4023536891949587,20.0,0.4005617550669243,0.4009060160516554,0.4023536891949587,0.5107977393475325,0.007869969969296876,0.4932784689896288,0.5238007237257526,0.5069601965220475,4,0.2,0.0004009432313330006,0.00013156553190281605,10820.586216
90,123,client2_cic_iot_2023_v15,20,20,20,20,11.0,12.0,12.0,0.4458392637541314,20.0,0.4471838872338438,20.0,0.4486235638634263,20.0,0.4458392637541314,0.4471838872338438,0.4486235638634263,0.466011657350715,0.0066536379344019885,0.4569255210584502,0.4804932646415773,0.4656277480933534,10,0.5,-0.0023550358710052845,-0.006598962108546691,10819.164793
90,123,client2_cic_iot_2023_v2,20,20,20,20,14.0,15.0,15.0,0.4452587642867426,19.0,0.4440309356670172,19.0,0.4440617149200876,19.0,0.429963963931814,0.430092795938269,0.4295696516250574,0.5222470568337523,0.008837373687760757,0.5097755625536662,0.5347658102454056,0.5099043942750136,3,0.15,0.0005690118825783713,-0.0013130629196854507,10821.455291
90,123,client2_cic_iot_2023_v3,20,20,20,20,10.0,10.0,10.0,0.3888416323491043,19.0,0.3927425857292524,19.0,0.3941312934429754,19.0,0.3834201909553726,0.3848289966380961,0.388756182752372,0.4748886295852956,0.0043403356609473115,0.4666158157632954,0.4829289747793376,0.4829289747793376,6,0.3,-0.001067540950251059,0.003061090184000499,10831.399443
90,123,client2_cic_iot_2023_v4,20,20,20,20,11.0,11.0,11.0,0.4348614051906862,20.0,0.4362214802658317,20.0,0.4359554641991726,20.0,0.4348614051906862,0.4362214802658317,0.4359554641991726,0.499530379888517,0.005138318371814164,0.4929600595364013,0.5141231922207465,0.4949888441304974,7,0.35,-0.00025669249246590593,-0.0012819076224079694,10818.696246
90,123,client2_cic_iot_2023_v5,20,20,20,20,16.0,12.0,16.0,0.4387563195310507,18.0,0.4350362606685227,18.0,0.4358215486679877,18.0,0.4329871030056671,0.4328934460929598,0.4292365909439272,0.481233517873488,0.00911129495902655,0.4666618572677917,0.4987591097208584,0.4797373214180327,5,0.25,-0.00099159868062153,-0.004459404865191906,10830.770999
90,123,client2_cic_iot_2023_v6,20,20,20,20,14.0,14.0,16.0,0.4185947618367125,17.0,0.4142544005162732,17.0,0.413189556795399,16.0,0.4098390916106859,0.4075584714202309,0.4071151769157618,0.47033157909168655,0.011663537357945074,0.452627275401402,0.483796489963913,0.4538725724183456,7,0.35,-0.0024613859131295793,-0.003001339205973213,10831.798268
90,123,client2_cic_iot_2023_v7,20,20,20,20,8.0,8.0,9.0,0.4742684891217218,20.0,0.4701426136728624,19.0,0.4662610281602091,20.0,0.4742684891217218,0.4689541696193245,0.4662610281602091,0.45710658088609196,0.011620986307902613,0.4319601720854707,0.4700559672168745,0.4319601720854707,5,0.25,-0.003640399082156539,-0.008269816353144074,10831.584197
90,123,client2_cic_iot_2023_v8,20,20,20,20,12.0,16.0,17.0,0.4572540376041653,20.0,0.4630036770489891,20.0,0.4676608403257304,20.0,0.4572540376041653,0.4630036770489891,0.4676608403257304,0.4622345038694203,0.006451598407821226,0.4516351142864587,0.4865402186039309,0.4657341183869568,4,0.2,-0.0018233951822581884,0.00026522777756443004,10821.719427
90,123,client2_cic_iot_2023_v9,20,20,20,20,18.0,17.0,19.0,0.4054049573272612,19.0,0.4067173368841836,19.0,0.4107599598229786,19.0,0.4024821314832362,0.4013479222060214,0.3941701762867016,0.5085885376511886,0.018201974990739445,0.4854692999801314,0.5406803405933202,0.4856473634651914,6,0.3,-0.0006326224374977971,-0.002172198048159064,10816.708583
90,123,client3_unsw_nb15_v1,20,20,20,20,16.0,17.0,18.0,0.5545785985444286,20.0,0.5567250691768899,20.0,0.5566301815265512,20.0,0.5545785985444286,0.5567250691768899,0.5566301815265512,0.42080385425971406,0.04385347792360164,0.3802289389358393,0.505093358568699,0.3848835750313679,3,0.15,-0.005904096713411057,-0.026446820906638052,10821.769272
90,123,client3_unsw_nb15_v10,20,20,20,20,13.0,13.0,13.0,0.5488306457681564,20.0,0.5498951651581475,20.0,0.551137838875468,20.0,0.5488306457681564,0.5498951651581475,0.551137838875468,0.45394386911117496,0.014429417150055952,0.4422446961445731,0.4855190137884667,0.4469885756873033,4,0.2,-0.0026830719148829237,-0.011232413658835922,10817.683639
90,123,client3_unsw_nb15_v11,20,20,20,20,11.0,11.0,11.0,0.6102531703426352,11.0,0.6045520175750867,11.0,0.596022965549936,11.0,0.5551954494102705,0.5503451437705364,0.5405683242993454,0.39250682809342263,0.04195835902092231,0.3475595137985923,0.4762380513610303,0.3475595137985923,1,0.05,-0.00828428177186236,-0.037053168387507725,10813.824184
90,123,client3_unsw_nb15_v12,20,20,20,20,7.0,7.0,7.0,0.5402477025793581,7.0,0.5429038223815913,7.0,0.5518898878310966,7.0,0.4512805011262271,0.4524284463964902,0.4508399333155039,0.48388500266472284,0.008177221805133477,0.4682583773833124,0.5,0.487042951291249,8,0.4,-0.0006746664819494291,-0.007382985859924432,10813.294775
90,123,client3_unsw_nb15_v13,20,20,20,20,17.0,14.0,14.0,0.5121195549003613,18.0,0.5109175471469051,18.0,0.510336558582975,18.0,0.4825484123093599,0.4829183932774459,0.4827055778678551,0.5380474830372057,0.020922669009392724,0.4928494822358574,0.5544914110851343,0.5533175943761649,11,0.55,0.002719795897158141,-0.0006731437022438038,10817.259632
90,123,client3_unsw_nb15_v14,20,20,20,20,10.0,9.0,9.0,0.4335155955166536,18.0,0.4316007489685479,18.0,0.4314823006135398,18.0,0.4308849836427556,0.4303304061650593,0.4293253520338294,0.5172139060686544,0.007400647574720338,0.4982108260896266,0.5253060495461143,0.5166089792630951,6,0.3,0.0008353683827214131,-0.008684814103415404,10815.004204
90,123,client3_unsw_nb15_v15,20,20,20,20,9.0,11.0,11.0,0.5795122549051648,20.0,0.5796453352503735,20.0,0.5783748072178979,20.0,0.5795122549051648,0.5796453352503735,0.5783748072178979,0.4292788987546402,0.02066226837433087,0.414923041318945,0.4993733363956342,0.4153266000032229,1,0.05,-0.005069785717909509,-0.016592987101050567,10821.442328
90,123,client3_unsw_nb15_v2,20,20,20,20,20.0,20.0,20.0,0.5403236316739214,20.0,0.5352167230416699,20.0,0.5198138069845495,20.0,0.5403236316739214,0.5352167230416699,0.5198138069845495,0.3365734917973169,0.07381372764725955,0.2631484326043803,0.4975567254373912,0.2631484326043803,0,0.0,-0.0128678375194686,-0.04371173387869884,10820.508717
90,123,client3_unsw_nb15_v3,20,20,20,20,15.0,15.0,15.0,0.4282244549916427,15.0,0.4274325886271437,15.0,0.4273896692851493,15.0,0.4000638404271897,0.4000103141447974,0.4005623171332908,0.4377879179784322,0.017091683194084762,0.4249460614301041,0.4915585305122331,0.4249460614301041,3,0.15,-0.004085085753903954,-0.0066628628587620834,10815.252983
90,123,client3_unsw_nb15_v4,20,20,20,20,20.0,15.0,15.0,0.5531575645920989,20.0,0.5473954624689608,20.0,0.5371500621210948,20.0,0.5531575645920989,0.5473954624689608,0.5371500621210948,0.4434003814990131,0.030708647739427743,0.4079306746974659,0.5041459067413437,0.4079306746974659,1,0.05,-0.004679910902929463,-0.022205124460594885,10816.081036
90,123,client3_unsw_nb15_v5,20,20,20,20,8.0,10.0,8.0,0.518301659426209,8.0,0.5186765402894281,10.0,0.5159684848728029,8.0,0.4682833037769676,0.4678801059322544,0.4659314316585212,0.5403844374157165,0.007212299793731856,0.518228201593304,0.5529791064107275,0.5394152750502001,3,0.15,0.0023906990382981954,-0.0028960235443784184,10817.950777
90,123,client3_unsw_nb15_v6,20,20,20,20,12.0,12.0,12.0,0.4225659478671677,20.0,0.4212037517939785,15.0,0.4231832150606227,15.0,0.4225659478671677,0.4180755581425284,0.413768432530829,0.5497529487944555,0.028260548725051782,0.48242696571436,0.575786715410434,0.5671640198039055,13,0.65,0.003511167842629849,0.006844084259548857,10821.469172
90,123,client3_unsw_nb15_v7,20,20,20,20,8.0,9.0,8.0,0.5875043548424324,14.0,0.5922957659397113,14.0,0.5938988936770276,14.0,0.5645013608360657,0.5665110883691068,0.5709075140811767,0.4660721746405157,0.009565540498295165,0.4530697731992686,0.4869457818466177,0.4752541922385423,11,0.55,-0.001278670957883181,-0.0035012855725083157,10816.797372
90,123,client3_unsw_nb15_v8,20,20,20,20,7.0,7.0,7.0,0.553769826412912,19.0,0.5494764692483142,19.0,0.5437022636108776,19.0,0.5436514502235449,0.5393533370591282,0.5358251606374388,0.5201302199924622,0.02428403536482534,0.4818088589926405,0.5552697002503535,0.4818088589926405,6,0.3,-0.0007795816820450649,-0.015055949835952048,10821.424042
90,123,client3_unsw_nb15_v9,20,20,20,20,19.0,19.0,19.0,0.4533426981506398,20.0,0.4618932311534217,20.0,0.470031686615388,20.0,0.4533426981506398,0.4618932311534217,0.470031686615388,0.5009238893514243,0.017181252343607147,0.4845147830015405,0.5429922601413182,0.5168738128064102,10,0.5,0.0012069487340152529,-0.0011254834354200729,10816.37403
90,123,client4_cicids2017_v1,20,20,20,20,17.0,17.0,17.0,0.6495498787429669,19.0,0.6486234932353606,19.0,0.6470679769017879,19.0,0.6162787701019841,0.6138068922203381,0.6133312324601231,0.515845477948904,0.01074865475655145,0.5018724412224201,0.5394292395316639,0.5049929493930639,7,0.35,0.00024084103110583074,0.0024646028277290353,10828.316555
90,123,client4_cicids2017_v10,20,20,20,20,18.0,18.0,18.0,0.4439248566120721,19.0,0.4437385791421834,19.0,0.4439407658422708,19.0,0.4266957599394066,0.4263161858521532,0.4273877599476881,0.5316193929609516,0.02931533724834808,0.4742073630390795,0.5551930079609243,0.554627164557129,13,0.65,0.0026694390981707194,0.00610648980711044,10826.656537
90,123,client4_cicids2017_v11,20,20,20,20,12.0,12.0,12.0,0.6901966512987346,17.0,0.6889676955244406,17.0,0.6896567333250498,19.0,0.685497423413272,0.6849115707338435,0.6853993662458108,0.450945309673744,0.014481594819823508,0.4350692856547637,0.474043480636583,0.4350692856547637,2,0.1,-0.0034228731647427436,-0.006763420267349662,10830.426089
90,123,client4_cicids2017_v12,20,20,20,20,19.0,19.0,19.0,0.6630023997966809,20.0,0.6627817279773283,20.0,0.6632434849748507,20.0,0.6630023997966809,0.6627817279773283,0.6632434849748507,0.4884846602639751,0.015421000070855858,0.4743679339860612,0.51209815838541,0.4743679339860612,4,0.2,-0.0015721167915567907,-0.004102748114362004,10830.970206
90,123,client4_cicids2017_v13,20,20,20,20,14.0,14.0,14.0,0.6409144892430804,18.0,0.6412524155436846,18.0,0.646407226843209,20.0,0.637482404464884,0.6412172342355795,0.646407226843209,0.4856263648161113,0.014155016219581278,0.4747346401579168,0.513234213528769,0.4854521416865372,7,0.35,-0.0008403460919355347,-0.000978013587360756,10831.445212
90,123,client4_cicids2017_v14,20,20,20,20,11.0,12.0,14.0,0.6074652554334626,18.0,0.6039153937585308,18.0,0.6069265155821834,19.0,0.5881746897462452,0.5862574293445322,0.5843881185052304,0.46254733808807363,0.02816763463627919,0.4225284570716341,0.5024023646639636,0.4225284570716341,2,0.1,-0.003792035882326769,-0.009106101320120649,10828.110873
90,123,client4_cicids2017_v15,20,20,20,20,18.0,18.0,19.0,0.6122389395405092,19.0,0.6122734853548462,19.0,0.6136626539585877,20.0,0.609455573074578,0.6106519824503334,0.6136626539585877,0.543993090063965,0.023745159609921063,0.4788190269002079,0.5662464303572713,0.5506695469106243,8,0.4,0.0037075744954877888,0.0016568410210275005,10851.265397
90,123,client4_cicids2017_v2,20,20,20,20,19.0,19.0,19.0,0.6585305501151778,20.0,0.657559537045956,20.0,0.6574518705599698,20.0,0.6585305501151778,0.657559537045956,0.6574518705599698,0.4865841280947708,0.0031335779178190645,0.4815324556669823,0.489960162616563,0.4815324556669823,2,0.1,-0.0009327094200593557,-0.0012010961899553024,10832.591462
90,123,client4_cicids2017_v3,20,20,20,20,18.0,18.0,17.0,0.6506832376386031,20.0,0.6446979819016377,20.0,0.6384896897426897,20.0,0.6506832376386031,0.6446979819016377,0.6384896897426897,0.5033872478729399,0.008103339419750997,0.4890132204693814,0.5235293173934082,0.4890132204693814,5,0.25,-0.000597313165237637,-0.0015532688159743675,10851.573712
90,123,client4_cicids2017_v4,20,20,20,20,16.0,16.0,16.0,0.6227056525630063,20.0,0.620676400246998,20.0,0.6220714148967982,19.0,0.6227056525630063,0.620676400246998,0.6208182548852799,0.46821363122622806,0.0063876047177080526,0.4622389497637849,0.4816022675467278,0.4631583490832274,4,0.2,-0.0020247871371942114,-0.0008951747859554341,10830.834528
90,123,client4_cicids2017_v5,20,20,20,20,20.0,20.0,20.0,0.6169760022605014,20.0,0.6180828761644991,20.0,0.6192709586023574,20.0,0.6169760022605014,0.6180828761644991,0.6192709586023574,0.4672170233235698,0.008228675819181852,0.4587186373218189,0.482170038355503,0.4598253304467843,4,0.2,-0.002081644986547954,-0.0007359583990729218,10830.209292
90,123,client4_cicids2017_v6,20,20,20,20,20.0,20.0,20.0,0.4959794245623601,20.0,0.4938574041631127,20.0,0.4948797094930509,20.0,0.4959794245623601,0.4938574041631127,0.4948797094930509,0.49571394475680763,0.006245799135577582,0.4826267661289563,0.5051746923904719,0.4826267661289563,5,0.25,-0.000880837948040492,-5.844404027307657e-05,10831.017894
90,123,client4_cicids2017_v7,20,20,20,20,14.0,15.0,15.0,0.6758538127176161,20.0,0.6711813087032595,20.0,0.6703838322384225,20.0,0.6758538127176161,0.6711813087032595,0.6703838322384225,0.5643652038346515,0.02627053126510823,0.5150080139853173,0.602328795915256,0.528194133468239,7,0.35,0.002324508479913637,-0.0001054664348646598,10829.815982
90,123,client4_cicids2017_v8,20,20,20,20,16.0,16.0,14.0,0.6674398688658136,18.0,0.6652960701524597,19.0,0.6649501930384641,20.0,0.6673035207062196,0.658280887160035,0.6649501930384641,0.5037501645671314,0.013172312525491578,0.4813933175715279,0.5174774199783405,0.4994879208011851,8,0.4,-5.8744249313087345e-05,0.003277933760251109,10830.816061
90,123,client4_cicids2017_v9,20,20,20,20,15.0,15.0,15.0,0.6018169410037084,20.0,0.6086598726105736,20.0,0.6106429097277511,20.0,0.6018169410037084,0.6086598726105736,0.6106429097277511,0.527210427691714,0.021169216822742552,0.4874195887365327,0.5530960744855485,0.5530960744855485,8,0.4,0.0028365635075264396,0.005719420802811939,10829.422616
90,123,client5_bccc_nrc_2024_v1,20,20,20,20,16.0,15.0,16.0,0.5001218987875945,16.0,0.49775965324627,16.0,0.4904343493902684,16.0,0.474804418397653,0.4681357166171286,0.4623538916822355,0.39190832558110783,0.04175006646595935,0.3482675275278191,0.4642020321662892,0.3747320246764385,4,0.2,-0.0073871105526237685,-0.015200272476380275,10829.115375
90,123,client5_bccc_nrc_2024_v10,20,20,20,20,13.0,11.0,11.0,0.3607204335585315,17.0,0.3608071108429282,15.0,0.3628222233356981,19.0,0.3520115683081085,0.3520180091704156,0.3522302753571569,0.47940840920812067,0.012693629590909463,0.4563943437812338,0.502208228929063,0.4863563130169615,7,0.35,-0.0004441044961523699,0.0024213768291346726,10826.29791
90,123,client5_bccc_nrc_2024_v11,20,20,20,20,16.0,18.0,16.0,0.4789606193600697,16.0,0.4760906782688116,18.0,0.4850904964434661,16.0,0.4403758850822716,0.4393721060381732,0.4453242487747492,0.45577895777817484,0.008603863695705559,0.4428417294407529,0.4740804979236199,0.4594150292243721,6,0.3,-0.0024052278487935357,0.008693120340911837,10822.612256
90,123,client5_bccc_nrc_2024_v12,20,20,20,20,15.0,15.0,15.0,0.4384099814900499,17.0,0.4422127738120674,17.0,0.4430004227535246,17.0,0.4364882201536425,0.4366378971721916,0.4332156595546653,0.42287865991879736,0.020975728049550064,0.3996837745924745,0.4705499164481247,0.4010550710515294,2,0.1,-0.005202886927701507,-0.01319778180386818,10829.889623
90,123,client5_bccc_nrc_2024_v13,20,20,20,20,16.0,20.0,20.0,0.455494335557134,19.0,0.4540568157604678,20.0,0.4470559683821888,20.0,0.4553688148522587,0.4540568157604678,0.4470559683821888,0.3995182271875393,0.037776304128893747,0.3281033664779247,0.4555861102175469,0.3281033664779247,4,0.2,-0.010409293075277834,-0.01704306511757423,10826.553213
90,123,client5_bccc_nrc_2024_v14,20,20,20,20,10.0,12.0,13.0,0.4407437432444031,18.0,0.4399128517205661,20.0,0.4401024593625099,20.0,0.4383605898078616,0.4399128517205661,0.4401024593625099,0.4262946074691302,0.02878670651707636,0.3980064183962944,0.4949915099411259,0.3995581818076432,2,0.1,-0.005131006605134924,-0.005014989655314798,10824.92165
90,123,client5_bccc_nrc_2024_v15,20,20,20,20,14.0,18.0,18.0,0.4373875133704618,18.0,0.4360341271381222,18.0,0.4427520359419069,18.0,0.4282481704711629,0.3918810839964328,0.3863980708252112,0.3772431045496541,0.04849069136537849,0.3105248581110197,0.4713023063550857,0.3105248581110197,4,0.2,-0.011012177652912385,-0.011063889544504091,10822.064771
90,123,client5_bccc_nrc_2024_v2,20,20,20,20,15.0,15.0,15.0,0.5105620571016857,18.0,0.5147474182326065,19.0,0.5158554701548425,19.0,0.497401858546245,0.501984233698382,0.5053929640324306,0.47629981413755856,0.01071971300532796,0.4590807477517996,0.5030263803579075,0.4867455428931687,9,0.45,0.00016724268600064248,-0.002560948371751697,10830.016269
90,123,client5_bccc_nrc_2024_v3,20,20,20,20,18.0,16.0,19.0,0.5246300194448998,18.0,0.524629233585255,16.0,0.5230267056506193,19.0,0.4187499000736003,0.4188704800945457,0.4202735483511278,0.4830184365094,0.0175648084798113,0.4649280980896486,0.5354381013867731,0.4692100815839783,4,0.2,-0.0021111390241087937,-0.011205138602389291,10825.84799
90,123,client5_bccc_nrc_2024_v4,20,20,20,20,19.0,19.0,19.0,0.4707183417431832,19.0,0.4657881832467172,19.0,0.4587421362741047,19.0,0.409901099538565,0.4127688363193497,0.4115201780409468,0.4552687038473079,0.01826329234948922,0.4323742429873141,0.5032238802392301,0.4580458962199052,8,0.4,-0.0026045942207346367,-0.00527166864289067,10820.521535
90,123,client5_bccc_nrc_2024_v5,20,20,20,20,18.0,18.0,18.0,0.4339749223573856,18.0,0.4358286800203074,18.0,0.436672624625095,18.0,0.4319376550677335,0.4343642598604217,0.4330694179358212,0.6050243666337571,0.0683830466447344,0.4923798362976411,0.686162459345403,0.686162459345403,18,0.9,0.010403083653508921,0.017128446272592517,10822.293474
90,123,client5_bccc_nrc_2024_v6,20,20,20,20,16.0,16.0,16.0,0.4627330980790688,19.0,0.4645857545100758,19.0,0.4759180560127053,9.0,0.4508145360082029,0.4515164148335569,0.4549609196087303,0.46749953044301495,0.013252332774606284,0.4457848788057739,0.489646724513312,0.489646724513312,11,0.55,-0.0009077611037642194,0.002829374310304384,10827.05351
90,123,client5_bccc_nrc_2024_v7,20,20,20,20,16.0,17.0,12.0,0.5336448465839257,20.0,0.5306906072430085,20.0,0.5178331150214449,20.0,0.5336448465839257,0.5306906072430085,0.5178331150214449,0.44089281997109636,0.018682841119086063,0.4107771274091088,0.4815576293746479,0.4107771274091088,0,0.0,-0.004581065358323937,-0.008610961322404184,10822.613167
90,123,client5_bccc_nrc_2024_v8,20,20,20,20,10.0,10.0,10.0,0.4841470210469197,10.0,0.4772586139274944,10.0,0.4750017238305794,10.0,0.3613616756533654,0.3607668157245209,0.3779553375393866,0.3725191720126083,0.03282348194483133,0.3352922674080904,0.4621662093675905,0.3352922674080904,3,0.15,-0.009507636148367197,-0.01653353963820369,10828.558594
90,123,client5_bccc_nrc_2024_v9,20,20,20,20,14.0,19.0,14.0,0.50188842739661,19.0,0.4995924882526507,19.0,0.4633532482173708,19.0,0.4955967317619946,0.4966228944476611,0.456416028931042,0.3831811842158444,0.08600254493470139,0.2383192101765907,0.4802872701388208,0.2393452288119372,5,0.25,-0.014651922100368042,-0.019104089439201367,10829.533514
90,123,client6_idad_2024_v1,20,20,20,20,14.0,14.0,14.0,0.3597281808940885,17.0,0.3594334920052153,16.0,0.3598987691938278,16.0,0.3523119014589474,0.3508633341963863,0.3469063428315537,0.45671759708124726,0.0033329364251636767,0.4491551752198203,0.4657664669274329,0.455984541895882,5,0.25,-0.002585013767050634,-0.009152513405320644,10849.320371
90,123,client6_idad_2024_v10,20,20,20,20,14.0,14.0,14.0,0.3021649655564795,15.0,0.2991923129114812,15.0,0.2957637028600948,19.0,0.291217907588083,0.2911395791609989,0.2911706128350702,0.4756254086661863,0.014460865833764346,0.4555931493665827,0.498229455663601,0.4555931493665827,1,0.05,-0.0023362731673983463,-0.0033137914837188366,10828.021065
90,123,client6_idad_2024_v11,20,20,20,20,14.0,14.0,14.0,0.3806344375139742,19.0,0.381502441475324,19.0,0.3822764632490994,19.0,0.3729868109785285,0.3712651550181872,0.3699588139384047,0.45161495946909475,0.004141988125068803,0.4450054534844699,0.465562150038632,0.4501037509696603,5,0.25,-0.0029152128436569337,-0.004733238431573758,10821.509838
90,123,client6_idad_2024_v12,20,20,20,20,14.0,14.0,14.0,0.3285978705931631,15.0,0.3243415150013924,20.0,0.3270077251624244,18.0,0.3238349357935964,0.3243415150013924,0.3235742867366886,0.45244654359179837,0.012114128441599727,0.4378752400926396,0.4809946576167112,0.4399090566377349,4,0.2,-0.0030801215960074395,-0.0045967248290818535,10829.41108
90,123,client6_idad_2024_v13,20,20,20,20,10.0,8.0,8.0,0.3247005321973226,20.0,0.3285038604503872,20.0,0.330210073370408,20.0,0.3247005321973226,0.3285038604503872,0.330210073370408,0.457130821667321,0.009157675158956718,0.4427874306857478,0.4770883188927724,0.4770883188927724,7,0.35,-0.0025797727746080163,-0.0002897077464455139,10829.832988
90,123,client6_idad_2024_v14,20,20,20,20,15.0,15.0,15.0,0.349527137957539,11.0,0.3499817478047365,19.0,0.3514301251819647,19.0,0.3482574040438348,0.3464235409469249,0.3448841697313544,0.4821389673136499,0.013246955764388129,0.4580504034914597,0.4961759962273891,0.4844056151986518,4,0.2,-0.00040458311264043867,0.0014525269320282259,10825.0051
90,123,client6_idad_2024_v15,20,20,20,20,19.0,14.0,15.0,0.279753877886767,19.0,0.2735276229256488,19.0,0.2701431458585833,19.0,0.2693064700237242,0.2687097106311522,0.266629185481693,0.437700972399945,0.013535059157170808,0.4195259513965742,0.4678832499875457,0.4195259513965742,3,0.15,-0.0043496681633702515,-0.004108261225847951,10825.008073
90,123,client6_idad_2024_v2,20,20,20,20,14.0,13.0,12.0,0.2931196952761134,20.0,0.2931960709081018,20.0,0.2928271757383429,20.0,0.2931196952761134,0.2931960709081018,0.2928271757383429,0.4381433813305969,0.0053228018418253675,0.4323336151711352,0.4538701298133997,0.4440616952654982,7,0.35,-0.004528214776216505,-0.0022702920383734296,10830.376142
90,123,client6_idad_2024_v3,20,20,20,20,17.0,17.0,17.0,0.3199394256550023,20.0,0.3184091840710853,20.0,0.3169116091524083,20.0,0.3199394256550023,0.3184091840710853,0.3169116091524083,0.4687509982082048,0.008820560096173066,0.4511040640021839,0.4780839780296643,0.4662508208649532,9,0.45,-0.0048578833208273746,-0.00221870708996776,10826.831143
90,123,client6_idad_2024_v4,20,20,20,20,19.0,19.0,19.0,0.3021375879036969,17.0,0.3095727142811588,20.0,0.3114458124687885,14.0,0.2985611202542463,0.3095727142811588,0.3104512405064514,0.5536725229036417,0.04214184707224421,0.4899114574008062,0.6310644900610826,0.6310644900610826,12,0.6,0.007448879200059232,0.01254485192431018,10828.106013
90,123,client6_idad_2024_v5,20,20,20,20,13.0,13.0,13.0,0.3309169425478094,20.0,0.3306163403096171,20.0,0.3287589821448435,18.0,0.3309169425478094,0.3306163403096171,0.3284106454887887,0.45970434198645743,0.00738172611336347,0.450431756415682,0.4834196571439938,0.4551910964705117,7,0.35,-0.003188596663961664,-0.00029775989759192324,10822.621125
90,123,client6_idad_2024_v6,20,20,20,20,13.0,13.0,15.0,0.296720670816588,20.0,0.2967829769726895,20.0,0.3012058160026714,20.0,0.296720670816588,0.2967829769726895,0.3012058160026714,0.43353226407013434,0.008461370691591053,0.4238536363201185,0.4541474289154729,0.4239159424439697,0,0.0,-0.005441416341836028,-0.002722191945857168,10828.334102
90,123,client6_idad_2024_v7,20,20,20,20,10.0,6.0,11.0,0.381751044653471,20.0,0.3823574032201706,17.0,0.3852440203575236,17.0,0.381751044653471,0.3816949906886316,0.3808801420215797,0.45171024663940906,0.004841693148630547,0.4383259426994724,0.4600133734581173,0.4553646483360326,8,0.4,-0.0030480920061117856,-0.005128185986689138,10827.718576
90,123,client6_idad_2024_v8,20,20,20,20,16.0,10.0,16.0,0.3634780480837312,19.0,0.3628919868922214,19.0,0.3677024380088459,17.0,0.3553708788936535,0.355629617457529,0.3567359086159977,0.406278496335028,0.01174955208747797,0.3976810554152271,0.4534221206302084,0.4064116790944916,5,0.25,-0.007083045476833241,-0.0038378892256664097,10823.566261
90,123,client6_idad_2024_v9,20,20,20,20,9.0,9.0,9.0,0.3127753897064228,16.0,0.3183861326421151,16.0,0.3265425668872026,20.0,0.3117276730106047,0.3154529046980066,0.3265425668872026,0.5266127295201947,0.04770150900316285,0.4512072781998306,0.5924852087713292,0.5924852087713292,18,0.9,0.0019087874831158849,0.007160811616238184,10816.344985
