clients,seed,client_id,base_client_id,partition_method,noniid_alpha,total_partition_samples,number_of_classes,positive_classes,minimum_class_samples,maximum_class_samples,mean_class_samples,class_distribution_entropy
6,123,client1_ton_iot_v1,client1_ton_iot,full_size_dirichlet_resampling,0.29999999999999993,139999.0,10,10,70.0,69232.0,13999.9,1.3574587622324916
6,123,client2_cic_iot_2023_v1,client2_cic_iot_2023,full_size_dirichlet_resampling,0.30000000000000004,127250.0,34,34,5.0,40533.0,3742.6470588235293,2.1573226313285447
6,123,client3_unsw_nb15_v1,client3_unsw_nb15,full_size_dirichlet_resampling,0.3,98677.0,6,6,145.0,62298.0,16446.166666666668,0.9498789768261512
6,123,client4_cicids2017_v1,client4_cicids2017,full_size_dirichlet_resampling,0.29999999999999993,139999.0,14,14,40.0,49410.0,9999.92857142857,1.7199529157818818
6,123,client5_bccc_nrc_2024_v1,client5_bccc_nrc_2024,full_size_dirichlet_resampling,0.29999999999999993,100095.0,15,15,19.0,31349.0,6673.0,1.876088049056952
6,123,client6_idad_2024_v1,client6_idad_2024,full_size_dirichlet_resampling,0.29999999999999993,111570.0,15,15,21.0,35124.0,7438.0,1.8749660571756226
12,123,client1_ton_iot_v1,client1_ton_iot,full_size_dirichlet_resampling,0.29999999999999993,139999.0,10,10,70.0,69232.0,13999.9,1.3574587622324916
12,123,client1_ton_iot_v2,client1_ton_iot,full_size_dirichlet_resampling,0.29999999999999993,139999.0,10,10,5.0,88316.0,13999.9,1.1270958175231693
12,123,client2_cic_iot_2023_v1,client2_cic_iot_2023,full_size_dirichlet_resampling,0.30000000000000004,127250.0,34,34,5.0,40533.0,3742.6470588235293,2.1573226313285447
12,123,client2_cic_iot_2023_v2,client2_cic_iot_2023,full_size_dirichlet_resampling,0.30000000000000004,127250.0,34,34,5.0,28616.0,3742.6470588235293,2.4039616072796646
12,123,client3_unsw_nb15_v1,client3_unsw_nb15,full_size_dirichlet_resampling,0.3,98677.0,6,6,145.0,62298.0,16446.166666666668,0.9498789768261512
12,123,client3_unsw_nb15_v2,client3_unsw_nb15,full_size_dirichlet_resampling,0.3,98677.0,6,6,6.0,82810.0,16446.166666666668,0.5958374038472846
12,123,client4_cicids2017_v1,client4_cicids2017,full_size_dirichlet_resampling,0.29999999999999993,139999.0,14,14,40.0,49410.0,9999.92857142857,1.7199529157818818
12,123,client4_cicids2017_v2,client4_cicids2017,full_size_dirichlet_resampling,0.29999999999999993,139999.0,14,14,5.0,49806.0,9999.92857142857,1.7375854586543835
12,123,client5_bccc_nrc_2024_v1,client5_bccc_nrc_2024,full_size_dirichlet_resampling,0.29999999999999993,100095.0,15,15,19.0,31349.0,6673.0,1.876088049056952
12,123,client5_bccc_nrc_2024_v2,client5_bccc_nrc_2024,full_size_dirichlet_resampling,0.29999999999999993,100095.0,15,15,5.0,34239.0,6673.0,1.8433470822895002
12,123,client6_idad_2024_v1,client6_idad_2024,full_size_dirichlet_resampling,0.29999999999999993,111570.0,15,15,21.0,35124.0,7438.0,1.8749660571756226
12,123,client6_idad_2024_v2,client6_idad_2024,full_size_dirichlet_resampling,0.29999999999999993,111570.0,15,15,5.0,38163.0,7438.0,1.8431339413975951
30,123,client1_ton_iot_v1,client1_ton_iot,full_size_dirichlet_resampling,0.29999999999999993,139999.0,10,10,70.0,69232.0,13999.9,1.3574587622324916
30,123,client1_ton_iot_v2,client1_ton_iot,full_size_dirichlet_resampling,0.29999999999999993,139999.0,10,10,5.0,88316.0,13999.9,1.1270958175231693
30,123,client1_ton_iot_v3,client1_ton_iot,full_size_dirichlet_resampling,0.29999999999999993,139999.0,10,10,7.0,69158.0,13999.9,1.3396183454911592
30,123,client1_ton_iot_v4,client1_ton_iot,full_size_dirichlet_resampling,0.29999999999999993,139999.0,10,10,41.0,55339.0,13999.9,1.368931264334027
30,123,client1_ton_iot_v5,client1_ton_iot,full_size_dirichlet_resampling,0.29999999999999993,139999.0,10,10,5.0,60118.0,13999.9,1.062754690581821
30,123,client2_cic_iot_2023_v1,client2_cic_iot_2023,full_size_dirichlet_resampling,0.30000000000000004,127250.0,34,34,5.0,40533.0,3742.6470588235293,2.1573226313285447
30,123,client2_cic_iot_2023_v2,client2_cic_iot_2023,full_size_dirichlet_resampling,0.30000000000000004,127250.0,34,34,5.0,28616.0,3742.6470588235293,2.4039616072796646
30,123,client2_cic_iot_2023_v3,client2_cic_iot_2023,full_size_dirichlet_resampling,0.30000000000000004,127250.0,34,34,5.0,28018.0,3742.6470588235293,2.384893814694065
30,123,client2_cic_iot_2023_v4,client2_cic_iot_2023,full_size_dirichlet_resampling,0.30000000000000004,127250.0,34,34,5.0,29865.0,3742.6470588235293,2.634818394551494
30,123,client2_cic_iot_2023_v5,client2_cic_iot_2023,full_size_dirichlet_resampling,0.30000000000000004,127250.0,34,34,5.0,24647.0,3742.6470588235293,2.56376704478239
30,123,client3_unsw_nb15_v1,client3_unsw_nb15,full_size_dirichlet_resampling,0.3,98677.0,6,6,145.0,62298.0,16446.166666666668,0.9498789768261512
30,123,client3_unsw_nb15_v2,client3_unsw_nb15,full_size_dirichlet_resampling,0.3,98677.0,6,6,6.0,82810.0,16446.166666666668,0.5958374038472846
30,123,client3_unsw_nb15_v3,client3_unsw_nb15,full_size_dirichlet_resampling,0.3,98677.0,6,6,12.0,67194.0,16446.166666666668,0.868831198762271
30,123,client3_unsw_nb15_v4,client3_unsw_nb15,full_size_dirichlet_resampling,0.3,98677.0,6,6,335.0,41584.0,16446.166666666668,1.1658279551003314
30,123,client3_unsw_nb15_v5,client3_unsw_nb15,full_size_dirichlet_resampling,0.3,98677.0,6,6,52.0,42887.0,16446.166666666668,1.009528631080675
30,123,client4_cicids2017_v1,client4_cicids2017,full_size_dirichlet_resampling,0.29999999999999993,139999.0,14,14,40.0,49410.0,9999.92857142857,1.7199529157818818
30,123,client4_cicids2017_v2,client4_cicids2017,full_size_dirichlet_resampling,0.29999999999999993,139999.0,14,14,5.0,49806.0,9999.92857142857,1.7375854586543835
30,123,client4_cicids2017_v3,client4_cicids2017,full_size_dirichlet_resampling,0.29999999999999993,139999.0,14,14,5.0,42566.0,9999.92857142857,1.7700631776349136
30,123,client4_cicids2017_v4,client4_cicids2017,full_size_dirichlet_resampling,0.29999999999999993,139999.0,14,14,27.0,64781.0,9999.92857142857,1.5066319617497974
30,123,client4_cicids2017_v5,client4_cicids2017,full_size_dirichlet_resampling,0.29999999999999993,139999.0,14,14,6.0,49479.0,9999.92857142857,1.4471250574211
30,123,client5_bccc_nrc_2024_v1,client5_bccc_nrc_2024,full_size_dirichlet_resampling,0.29999999999999993,100095.0,15,15,19.0,31349.0,6673.0,1.876088049056952
30,123,client5_bccc_nrc_2024_v2,client5_bccc_nrc_2024,full_size_dirichlet_resampling,0.29999999999999993,100095.0,15,15,5.0,34239.0,6673.0,1.8433470822895002
30,123,client5_bccc_nrc_2024_v3,client5_bccc_nrc_2024,full_size_dirichlet_resampling,0.29999999999999993,100095.0,15,15,5.0,28038.0,6673.0,1.9100335360480976
30,123,client5_bccc_nrc_2024_v4,client5_bccc_nrc_2024,full_size_dirichlet_resampling,0.29999999999999993,100095.0,15,15,20.0,46216.0,6673.0,1.51510363446607
30,123,client5_bccc_nrc_2024_v5,client5_bccc_nrc_2024,full_size_dirichlet_resampling,0.29999999999999993,100095.0,15,15,5.0,34469.0,6673.0,1.52898868453301
30,123,client6_idad_2024_v1,client6_idad_2024,full_size_dirichlet_resampling,0.29999999999999993,111570.0,15,15,21.0,35124.0,7438.0,1.8749660571756226
30,123,client6_idad_2024_v2,client6_idad_2024,full_size_dirichlet_resampling,0.29999999999999993,111570.0,15,15,5.0,38163.0,7438.0,1.8431339413975951
30,123,client6_idad_2024_v3,client6_idad_2024,full_size_dirichlet_resampling,0.29999999999999993,111570.0,15,15,5.0,31262.0,7438.0,1.9094193939129203
30,123,client6_idad_2024_v4,client6_idad_2024,full_size_dirichlet_resampling,0.29999999999999993,111570.0,15,15,21.0,51506.0,7438.0,1.515662825345086
30,123,client6_idad_2024_v5,client6_idad_2024,full_size_dirichlet_resampling,0.29999999999999993,111570.0,15,15,5.0,38415.0,7438.0,1.5310550622900714
60,123,client1_ton_iot_v1,client1_ton_iot,full_size_dirichlet_resampling,0.29999999999999993,139999.0,10,10,70.0,69232.0,13999.9,1.3574587622324916
60,123,client1_ton_iot_v10,client1_ton_iot,full_size_dirichlet_resampling,0.29999999999999993,139999.0,10,10,5.0,55861.0,13999.9,1.6331723227478283
60,123,client1_ton_iot_v2,client1_ton_iot,full_size_dirichlet_resampling,0.29999999999999993,139999.0,10,10,5.0,88316.0,13999.9,1.1270958175231693
60,123,client1_ton_iot_v3,client1_ton_iot,full_size_dirichlet_resampling,0.29999999999999993,139999.0,10,10,7.0,69158.0,13999.9,1.3396183454911592
60,123,client1_ton_iot_v4,client1_ton_iot,full_size_dirichlet_resampling,0.29999999999999993,139999.0,10,10,41.0,55339.0,13999.9,1.368931264334027
60,123,client1_ton_iot_v5,client1_ton_iot,full_size_dirichlet_resampling,0.29999999999999993,139999.0,10,10,5.0,60118.0,13999.9,1.062754690581821
60,123,client1_ton_iot_v6,client1_ton_iot,full_size_dirichlet_resampling,0.29999999999999993,139999.0,10,10,9.0,68963.0,13999.9,1.4608698498758121
60,123,client1_ton_iot_v7,client1_ton_iot,full_size_dirichlet_resampling,0.29999999999999993,139999.0,10,10,17.0,42841.0,13999.9,1.7436437374028704
60,123,client1_ton_iot_v8,client1_ton_iot,full_size_dirichlet_resampling,0.29999999999999993,139999.0,10,10,9.0,74831.0,13999.9,1.4682317457046568
60,123,client1_ton_iot_v9,client1_ton_iot,full_size_dirichlet_resampling,0.29999999999999993,139999.0,10,10,9.0,90952.0,13999.9,1.1597391771044392
60,123,client2_cic_iot_2023_v1,client2_cic_iot_2023,full_size_dirichlet_resampling,0.30000000000000004,127250.0,34,34,5.0,40533.0,3742.6470588235293,2.1573226313285447
60,123,client2_cic_iot_2023_v10,client2_cic_iot_2023,full_size_dirichlet_resampling,0.30000000000000004,127250.0,34,34,5.0,23770.0,3742.6470588235293,2.628949122025863
60,123,client2_cic_iot_2023_v2,client2_cic_iot_2023,full_size_dirichlet_resampling,0.30000000000000004,127250.0,34,34,5.0,28616.0,3742.6470588235293,2.4039616072796646
60,123,client2_cic_iot_2023_v3,client2_cic_iot_2023,full_size_dirichlet_resampling,0.30000000000000004,127250.0,34,34,5.0,28018.0,3742.6470588235293,2.384893814694065
60,123,client2_cic_iot_2023_v4,client2_cic_iot_2023,full_size_dirichlet_resampling,0.30000000000000004,127250.0,34,34,5.0,29865.0,3742.6470588235293,2.634818394551494
60,123,client2_cic_iot_2023_v5,client2_cic_iot_2023,full_size_dirichlet_resampling,0.30000000000000004,127250.0,34,34,5.0,24647.0,3742.6470588235293,2.56376704478239
60,123,client2_cic_iot_2023_v6,client2_cic_iot_2023,full_size_dirichlet_resampling,0.30000000000000004,127250.0,34,34,5.0,55027.0,3742.6470588235293,2.0104988990813033
60,123,client2_cic_iot_2023_v7,client2_cic_iot_2023,full_size_dirichlet_resampling,0.30000000000000004,127250.0,34,34,8.0,15980.0,3742.6470588235293,2.8352958679908125
60,123,client2_cic_iot_2023_v8,client2_cic_iot_2023,full_size_dirichlet_resampling,0.30000000000000004,127250.0,34,34,5.0,25876.0,3742.6470588235293,2.5502897459401237
60,123,client2_cic_iot_2023_v9,client2_cic_iot_2023,full_size_dirichlet_resampling,0.30000000000000004,127250.0,34,34,5.0,28250.0,3742.6470588235293,2.4739364348688073
60,123,client3_unsw_nb15_v1,client3_unsw_nb15,full_size_dirichlet_resampling,0.3,98677.0,6,6,145.0,62298.0,16446.166666666668,0.9498789768261512
60,123,client3_unsw_nb15_v10,client3_unsw_nb15,full_size_dirichlet_resampling,0.3,98677.0,6,6,5.0,42135.0,16446.166666666668,1.4299717437779635
60,123,client3_unsw_nb15_v2,client3_unsw_nb15,full_size_dirichlet_resampling,0.3,98677.0,6,6,6.0,82810.0,16446.166666666668,0.5958374038472846
60,123,client3_unsw_nb15_v3,client3_unsw_nb15,full_size_dirichlet_resampling,0.3,98677.0,6,6,12.0,67194.0,16446.166666666668,0.868831198762271
60,123,client3_unsw_nb15_v4,client3_unsw_nb15,full_size_dirichlet_resampling,0.3,98677.0,6,6,335.0,41584.0,16446.166666666668,1.1658279551003314
60,123,client3_unsw_nb15_v5,client3_unsw_nb15,full_size_dirichlet_resampling,0.3,98677.0,6,6,52.0,42887.0,16446.166666666668,1.009528631080675
60,123,client3_unsw_nb15_v6,client3_unsw_nb15,full_size_dirichlet_resampling,0.3,98677.0,6,6,14.0,62024.0,16446.166666666668,0.9095705581267957
60,123,client3_unsw_nb15_v7,client3_unsw_nb15,full_size_dirichlet_resampling,0.3,98677.0,6,6,25.0,39880.0,16446.166666666668,1.204825445055322
60,123,client3_unsw_nb15_v8,client3_unsw_nb15,full_size_dirichlet_resampling,0.3,98677.0,6,6,237.0,60451.0,16446.166666666668,1.0912735614645102
60,123,client3_unsw_nb15_v9,client3_unsw_nb15,full_size_dirichlet_resampling,0.3,98677.0,6,6,8.0,82720.0,16446.166666666668,0.580108021490593
60,123,client4_cicids2017_v1,client4_cicids2017,full_size_dirichlet_resampling,0.29999999999999993,139999.0,14,14,40.0,49410.0,9999.92857142857,1.7199529157818818
60,123,client4_cicids2017_v10,client4_cicids2017,full_size_dirichlet_resampling,0.29999999999999993,139999.0,14,14,5.0,54659.0,9999.92857142857,1.6959698065521527
60,123,client4_cicids2017_v2,client4_cicids2017,full_size_dirichlet_resampling,0.29999999999999993,139999.0,14,14,5.0,49806.0,9999.92857142857,1.7375854586543835
60,123,client4_cicids2017_v3,client4_cicids2017,full_size_dirichlet_resampling,0.29999999999999993,139999.0,14,14,5.0,42566.0,9999.92857142857,1.7700631776349136
60,123,client4_cicids2017_v4,client4_cicids2017,full_size_dirichlet_resampling,0.29999999999999993,139999.0,14,14,27.0,64781.0,9999.92857142857,1.5066319617497974
60,123,client4_cicids2017_v5,client4_cicids2017,full_size_dirichlet_resampling,0.29999999999999993,139999.0,14,14,6.0,49479.0,9999.92857142857,1.4471250574211
60,123,client4_cicids2017_v6,client4_cicids2017,full_size_dirichlet_resampling,0.29999999999999993,139999.0,14,14,6.0,40678.0,9999.92857142857,1.9323546589386493
60,123,client4_cicids2017_v7,client4_cicids2017,full_size_dirichlet_resampling,0.29999999999999993,139999.0,14,14,12.0,30810.0,9999.92857142857,2.163513250454451
60,123,client4_cicids2017_v8,client4_cicids2017,full_size_dirichlet_resampling,0.29999999999999993,139999.0,14,14,7.0,54076.0,9999.92857142857,1.5548649650961393
60,123,client4_cicids2017_v9,client4_cicids2017,full_size_dirichlet_resampling,0.29999999999999993,139999.0,14,14,9.0,84387.0,9999.92857142857,1.3980569063256698
60,123,client5_bccc_nrc_2024_v1,client5_bccc_nrc_2024,full_size_dirichlet_resampling,0.29999999999999993,100095.0,15,15,19.0,31349.0,6673.0,1.876088049056952
60,123,client5_bccc_nrc_2024_v10,client5_bccc_nrc_2024,full_size_dirichlet_resampling,0.29999999999999993,100095.0,15,15,5.0,37299.0,6673.0,1.8063976156868151
60,123,client5_bccc_nrc_2024_v2,client5_bccc_nrc_2024,full_size_dirichlet_resampling,0.29999999999999993,100095.0,15,15,5.0,34239.0,6673.0,1.8433470822895002
60,123,client5_bccc_nrc_2024_v3,client5_bccc_nrc_2024,full_size_dirichlet_resampling,0.29999999999999993,100095.0,15,15,5.0,28038.0,6673.0,1.9100335360480976
60,123,client5_bccc_nrc_2024_v4,client5_bccc_nrc_2024,full_size_dirichlet_resampling,0.29999999999999993,100095.0,15,15,20.0,46216.0,6673.0,1.51510363446607
60,123,client5_bccc_nrc_2024_v5,client5_bccc_nrc_2024,full_size_dirichlet_resampling,0.29999999999999993,100095.0,15,15,5.0,34469.0,6673.0,1.52898868453301
60,123,client5_bccc_nrc_2024_v6,client5_bccc_nrc_2024,full_size_dirichlet_resampling,0.29999999999999993,100095.0,15,15,6.0,28704.0,6673.0,1.985138172911552
60,123,client5_bccc_nrc_2024_v7,client5_bccc_nrc_2024,full_size_dirichlet_resampling,0.29999999999999993,100095.0,15,15,11.0,21468.0,6673.0,2.204306467601522
60,123,client5_bccc_nrc_2024_v8,client5_bccc_nrc_2024,full_size_dirichlet_resampling,0.29999999999999993,100095.0,15,15,5.0,37307.0,6673.0,1.6535679781681956
60,123,client5_bccc_nrc_2024_v9,client5_bccc_nrc_2024,full_size_dirichlet_resampling,0.29999999999999993,100095.0,15,15,9.0,56794.0,6673.0,1.5399107310408922
60,123,client6_idad_2024_v1,client6_idad_2024,full_size_dirichlet_resampling,0.29999999999999993,111570.0,15,15,21.0,35124.0,7438.0,1.8749660571756226
60,123,client6_idad_2024_v10,client6_idad_2024,full_size_dirichlet_resampling,0.29999999999999993,111570.0,15,15,5.0,41590.0,7438.0,1.805915415403046
60,123,client6_idad_2024_v2,client6_idad_2024,full_size_dirichlet_resampling,0.29999999999999993,111570.0,15,15,5.0,38163.0,7438.0,1.8431339413975951
60,123,client6_idad_2024_v3,client6_idad_2024,full_size_dirichlet_resampling,0.29999999999999993,111570.0,15,15,5.0,31262.0,7438.0,1.9094193939129203
60,123,client6_idad_2024_v4,client6_idad_2024,full_size_dirichlet_resampling,0.29999999999999993,111570.0,15,15,21.0,51506.0,7438.0,1.515662825345086
60,123,client6_idad_2024_v5,client6_idad_2024,full_size_dirichlet_resampling,0.29999999999999993,111570.0,15,15,5.0,38415.0,7438.0,1.5310550622900714
60,123,client6_idad_2024_v6,client6_idad_2024,full_size_dirichlet_resampling,0.29999999999999993,111570.0,15,15,6.0,32130.0,7438.0,1.9772007123952642
60,123,client6_idad_2024_v7,client6_idad_2024,full_size_dirichlet_resampling,0.29999999999999993,111570.0,15,15,12.0,23935.0,7438.0,2.20408496872734
60,123,client6_idad_2024_v8,client6_idad_2024,full_size_dirichlet_resampling,0.29999999999999993,111570.0,15,15,5.0,41835.0,7438.0,1.6517897516546962
60,123,client6_idad_2024_v9,client6_idad_2024,full_size_dirichlet_resampling,0.29999999999999993,111570.0,15,15,10.0,63313.0,7438.0,1.539661149695672
90,123,client1_ton_iot_v1,client1_ton_iot,full_size_dirichlet_resampling,0.29999999999999993,139999.0,10,10,70.0,69232.0,13999.9,1.3574587622324916
90,123,client1_ton_iot_v10,client1_ton_iot,full_size_dirichlet_resampling,0.29999999999999993,139999.0,10,10,5.0,55861.0,13999.9,1.6331723227478283
90,123,client1_ton_iot_v11,client1_ton_iot,full_size_dirichlet_resampling,0.29999999999999993,139999.0,10,10,33.0,32342.0,13999.9,1.8814948600100359
90,123,client1_ton_iot_v12,client1_ton_iot,full_size_dirichlet_resampling,0.29999999999999993,139999.0,10,10,5.0,41589.0,13999.9,1.8258811927511323
90,123,client1_ton_iot_v13,client1_ton_iot,full_size_dirichlet_resampling,0.29999999999999993,139999.0,10,10,129.0,51229.0,13999.9,1.6551155924734384
90,123,client1_ton_iot_v14,client1_ton_iot,full_size_dirichlet_resampling,0.29999999999999993,139999.0,10,10,5.0,59075.0,13999.9,1.2985154211405223
90,123,client1_ton_iot_v15,client1_ton_iot,full_size_dirichlet_resampling,0.29999999999999993,139999.0,10,10,5.0,88515.0,13999.9,1.056907414546273
90,123,client1_ton_iot_v2,client1_ton_iot,full_size_dirichlet_resampling,0.29999999999999993,139999.0,10,10,5.0,88316.0,13999.9,1.1270958175231693
90,123,client1_ton_iot_v3,client1_ton_iot,full_size_dirichlet_resampling,0.29999999999999993,139999.0,10,10,7.0,69158.0,13999.9,1.3396183454911592
90,123,client1_ton_iot_v4,client1_ton_iot,full_size_dirichlet_resampling,0.29999999999999993,139999.0,10,10,41.0,55339.0,13999.9,1.368931264334027
90,123,client1_ton_iot_v5,client1_ton_iot,full_size_dirichlet_resampling,0.29999999999999993,139999.0,10,10,5.0,60118.0,13999.9,1.062754690581821
90,123,client1_ton_iot_v6,client1_ton_iot,full_size_dirichlet_resampling,0.29999999999999993,139999.0,10,10,9.0,68963.0,13999.9,1.4608698498758121
90,123,client1_ton_iot_v7,client1_ton_iot,full_size_dirichlet_resampling,0.29999999999999993,139999.0,10,10,17.0,42841.0,13999.9,1.7436437374028704
90,123,client1_ton_iot_v8,client1_ton_iot,full_size_dirichlet_resampling,0.29999999999999993,139999.0,10,10,9.0,74831.0,13999.9,1.4682317457046568
90,123,client1_ton_iot_v9,client1_ton_iot,full_size_dirichlet_resampling,0.29999999999999993,139999.0,10,10,9.0,90952.0,13999.9,1.1597391771044392
90,123,client2_cic_iot_2023_v1,client2_cic_iot_2023,full_size_dirichlet_resampling,0.30000000000000004,127250.0,34,34,5.0,40533.0,3742.6470588235293,2.1573226313285447
90,123,client2_cic_iot_2023_v10,client2_cic_iot_2023,full_size_dirichlet_resampling,0.30000000000000004,127250.0,34,34,5.0,23770.0,3742.6470588235293,2.628949122025863
90,123,client2_cic_iot_2023_v11,client2_cic_iot_2023,full_size_dirichlet_resampling,0.30000000000000004,127250.0,34,34,5.0,22692.0,3742.6470588235293,2.5461127044647758
90,123,client2_cic_iot_2023_v12,client2_cic_iot_2023,full_size_dirichlet_resampling,0.30000000000000004,127250.0,34,34,5.0,24614.0,3742.6470588235293,2.6789628893759443
90,123,client2_cic_iot_2023_v13,client2_cic_iot_2023,full_size_dirichlet_resampling,0.30000000000000004,127250.0,34,34,5.0,23138.0,3742.6470588235293,2.6939888613907303
90,123,client2_cic_iot_2023_v14,client2_cic_iot_2023,full_size_dirichlet_resampling,0.30000000000000004,127250.0,34,34,5.0,30716.0,3742.6470588235293,2.3478651282795133
90,123,client2_cic_iot_2023_v15,client2_cic_iot_2023,full_size_dirichlet_resampling,0.30000000000000004,127250.0,34,34,5.0,26579.0,3742.6470588235293,2.5755960026785054
90,123,client2_cic_iot_2023_v2,client2_cic_iot_2023,full_size_dirichlet_resampling,0.30000000000000004,127250.0,34,34,5.0,28616.0,3742.6470588235293,2.4039616072796646
90,123,client2_cic_iot_2023_v3,client2_cic_iot_2023,full_size_dirichlet_resampling,0.30000000000000004,127250.0,34,34,5.0,28018.0,3742.6470588235293,2.384893814694065
90,123,client2_cic_iot_2023_v4,client2_cic_iot_2023,full_size_dirichlet_resampling,0.30000000000000004,127250.0,34,34,5.0,29865.0,3742.6470588235293,2.634818394551494
90,123,client2_cic_iot_2023_v5,client2_cic_iot_2023,full_size_dirichlet_resampling,0.30000000000000004,127250.0,34,34,5.0,24647.0,3742.6470588235293,2.56376704478239
90,123,client2_cic_iot_2023_v6,client2_cic_iot_2023,full_size_dirichlet_resampling,0.30000000000000004,127250.0,34,34,5.0,55027.0,3742.6470588235293,2.0104988990813033
90,123,client2_cic_iot_2023_v7,client2_cic_iot_2023,full_size_dirichlet_resampling,0.30000000000000004,127250.0,34,34,8.0,15980.0,3742.6470588235293,2.8352958679908125
90,123,client2_cic_iot_2023_v8,client2_cic_iot_2023,full_size_dirichlet_resampling,0.30000000000000004,127250.0,34,34,5.0,25876.0,3742.6470588235293,2.5502897459401237
90,123,client2_cic_iot_2023_v9,client2_cic_iot_2023,full_size_dirichlet_resampling,0.30000000000000004,127250.0,34,34,5.0,28250.0,3742.6470588235293,2.4739364348688073
90,123,client3_unsw_nb15_v1,client3_unsw_nb15,full_size_dirichlet_resampling,0.3,98677.0,6,6,145.0,62298.0,16446.166666666668,0.9498789768261512
90,123,client3_unsw_nb15_v10,client3_unsw_nb15,full_size_dirichlet_resampling,0.3,98677.0,6,6,5.0,42135.0,16446.166666666668,1.4299717437779635
90,123,client3_unsw_nb15_v11,client3_unsw_nb15,full_size_dirichlet_resampling,0.3,98677.0,6,6,139.0,31030.0,16446.166666666668,1.500737087902997
90,123,client3_unsw_nb15_v12,client3_unsw_nb15,full_size_dirichlet_resampling,0.3,98677.0,6,6,135.0,38278.0,16446.166666666668,1.4045782393592405
90,123,client3_unsw_nb15_v13,client3_unsw_nb15,full_size_dirichlet_resampling,0.3,98677.0,6,6,207.0,81265.0,16446.166666666668,0.6463825340963887
90,123,client3_unsw_nb15_v14,client3_unsw_nb15,full_size_dirichlet_resampling,0.3,98677.0,6,6,5.0,86013.0,16446.166666666668,0.4943960296002442
90,123,client3_unsw_nb15_v15,client3_unsw_nb15,full_size_dirichlet_resampling,0.3,98677.0,6,6,632.0,65718.0,16446.166666666668,0.890535262093719
90,123,client3_unsw_nb15_v2,client3_unsw_nb15,full_size_dirichlet_resampling,0.3,98677.0,6,6,6.0,82810.0,16446.166666666668,0.5958374038472846
90,123,client3_unsw_nb15_v3,client3_unsw_nb15,full_size_dirichlet_resampling,0.3,98677.0,6,6,12.0,67194.0,16446.166666666668,0.868831198762271
90,123,client3_unsw_nb15_v4,client3_unsw_nb15,full_size_dirichlet_resampling,0.3,98677.0,6,6,335.0,41584.0,16446.166666666668,1.1658279551003314
90,123,client3_unsw_nb15_v5,client3_unsw_nb15,full_size_dirichlet_resampling,0.3,98677.0,6,6,52.0,42887.0,16446.166666666668,1.009528631080675
90,123,client3_unsw_nb15_v6,client3_unsw_nb15,full_size_dirichlet_resampling,0.3,98677.0,6,6,14.0,62024.0,16446.166666666668,0.9095705581267957
90,123,client3_unsw_nb15_v7,client3_unsw_nb15,full_size_dirichlet_resampling,0.3,98677.0,6,6,25.0,39880.0,16446.166666666668,1.204825445055322
90,123,client3_unsw_nb15_v8,client3_unsw_nb15,full_size_dirichlet_resampling,0.3,98677.0,6,6,237.0,60451.0,16446.166666666668,1.0912735614645102
90,123,client3_unsw_nb15_v9,client3_unsw_nb15,full_size_dirichlet_resampling,0.3,98677.0,6,6,8.0,82720.0,16446.166666666668,0.580108021490593
90,123,client4_cicids2017_v1,client4_cicids2017,full_size_dirichlet_resampling,0.29999999999999993,139999.0,14,14,40.0,49410.0,9999.92857142857,1.7199529157818818
90,123,client4_cicids2017_v10,client4_cicids2017,full_size_dirichlet_resampling,0.29999999999999993,139999.0,14,14,5.0,54659.0,9999.92857142857,1.6959698065521527
90,123,client4_cicids2017_v11,client4_cicids2017,full_size_dirichlet_resampling,0.29999999999999993,139999.0,14,14,25.0,53748.0,9999.92857142857,1.9758363834258783
90,123,client4_cicids2017_v12,client4_cicids2017,full_size_dirichlet_resampling,0.29999999999999993,139999.0,14,14,6.0,34451.0,9999.92857142857,1.9840763631380014
90,123,client4_cicids2017_v13,client4_cicids2017,full_size_dirichlet_resampling,0.29999999999999993,139999.0,14,14,11.0,47171.0,9999.92857142857,1.8625239189022422
90,123,client4_cicids2017_v14,client4_cicids2017,full_size_dirichlet_resampling,0.29999999999999993,139999.0,14,14,5.0,40222.0,9999.92857142857,1.848275384021233
90,123,client4_cicids2017_v15,client4_cicids2017,full_size_dirichlet_resampling,0.29999999999999993,139999.0,14,14,5.0,64714.0,9999.92857142857,1.421341585898293
90,123,client4_cicids2017_v2,client4_cicids2017,full_size_dirichlet_resampling,0.29999999999999993,139999.0,14,14,5.0,49806.0,9999.92857142857,1.7375854586543835
90,123,client4_cicids2017_v3,client4_cicids2017,full_size_dirichlet_resampling,0.29999999999999993,139999.0,14,14,5.0,42566.0,9999.92857142857,1.7700631776349136
90,123,client4_cicids2017_v4,client4_cicids2017,full_size_dirichlet_resampling,0.29999999999999993,139999.0,14,14,27.0,64781.0,9999.92857142857,1.5066319617497974
90,123,client4_cicids2017_v5,client4_cicids2017,full_size_dirichlet_resampling,0.29999999999999993,139999.0,14,14,6.0,49479.0,9999.92857142857,1.4471250574211
90,123,client4_cicids2017_v6,client4_cicids2017,full_size_dirichlet_resampling,0.29999999999999993,139999.0,14,14,6.0,40678.0,9999.92857142857,1.9323546589386493
90,123,client4_cicids2017_v7,client4_cicids2017,full_size_dirichlet_resampling,0.29999999999999993,139999.0,14,14,12.0,30810.0,9999.92857142857,2.163513250454451
90,123,client4_cicids2017_v8,client4_cicids2017,full_size_dirichlet_resampling,0.29999999999999993,139999.0,14,14,7.0,54076.0,9999.92857142857,1.5548649650961393
90,123,client4_cicids2017_v9,client4_cicids2017,full_size_dirichlet_resampling,0.29999999999999993,139999.0,14,14,9.0,84387.0,9999.92857142857,1.3980569063256698
90,123,client5_bccc_nrc_2024_v1,client5_bccc_nrc_2024,full_size_dirichlet_resampling,0.29999999999999993,100095.0,15,15,19.0,31349.0,6673.0,1.876088049056952
90,123,client5_bccc_nrc_2024_v10,client5_bccc_nrc_2024,full_size_dirichlet_resampling,0.29999999999999993,100095.0,15,15,5.0,37299.0,6673.0,1.8063976156868151
90,123,client5_bccc_nrc_2024_v11,client5_bccc_nrc_2024,full_size_dirichlet_resampling,0.29999999999999993,100095.0,15,15,13.0,38341.0,6673.0,2.015731241256375
90,123,client5_bccc_nrc_2024_v12,client5_bccc_nrc_2024,full_size_dirichlet_resampling,0.29999999999999993,100095.0,15,15,7.0,24559.0,6673.0,1.9999108052907115
90,123,client5_bccc_nrc_2024_v13,client5_bccc_nrc_2024,full_size_dirichlet_resampling,0.29999999999999993,100095.0,15,15,8.0,33677.0,6673.0,1.8705191730812882
90,123,client5_bccc_nrc_2024_v14,client5_bccc_nrc_2024,full_size_dirichlet_resampling,0.29999999999999993,100095.0,15,15,5.0,28866.0,6673.0,1.8477182419519849
90,123,client5_bccc_nrc_2024_v15,client5_bccc_nrc_2024,full_size_dirichlet_resampling,0.29999999999999993,100095.0,15,15,5.0,46248.0,6673.0,1.4285352008421175
90,123,client5_bccc_nrc_2024_v2,client5_bccc_nrc_2024,full_size_dirichlet_resampling,0.29999999999999993,100095.0,15,15,5.0,34239.0,6673.0,1.8433470822895002
90,123,client5_bccc_nrc_2024_v3,client5_bccc_nrc_2024,full_size_dirichlet_resampling,0.29999999999999993,100095.0,15,15,5.0,28038.0,6673.0,1.9100335360480976
90,123,client5_bccc_nrc_2024_v4,client5_bccc_nrc_2024,full_size_dirichlet_resampling,0.29999999999999993,100095.0,15,15,20.0,46216.0,6673.0,1.51510363446607
90,123,client5_bccc_nrc_2024_v5,client5_bccc_nrc_2024,full_size_dirichlet_resampling,0.29999999999999993,100095.0,15,15,5.0,34469.0,6673.0,1.52898868453301
90,123,client5_bccc_nrc_2024_v6,client5_bccc_nrc_2024,full_size_dirichlet_resampling,0.29999999999999993,100095.0,15,15,6.0,28704.0,6673.0,1.985138172911552
90,123,client5_bccc_nrc_2024_v7,client5_bccc_nrc_2024,full_size_dirichlet_resampling,0.29999999999999993,100095.0,15,15,11.0,21468.0,6673.0,2.204306467601522
90,123,client5_bccc_nrc_2024_v8,client5_bccc_nrc_2024,full_size_dirichlet_resampling,0.29999999999999993,100095.0,15,15,5.0,37307.0,6673.0,1.6535679781681956
90,123,client5_bccc_nrc_2024_v9,client5_bccc_nrc_2024,full_size_dirichlet_resampling,0.29999999999999993,100095.0,15,15,9.0,56794.0,6673.0,1.5399107310408922
90,123,client6_idad_2024_v1,client6_idad_2024,full_size_dirichlet_resampling,0.29999999999999993,111570.0,15,15,21.0,35124.0,7438.0,1.8749660571756226
90,123,client6_idad_2024_v10,client6_idad_2024,full_size_dirichlet_resampling,0.29999999999999993,111570.0,15,15,5.0,41590.0,7438.0,1.805915415403046
90,123,client6_idad_2024_v11,client6_idad_2024,full_size_dirichlet_resampling,0.29999999999999993,111570.0,15,15,17.0,42913.0,7438.0,2.014630279065267
90,123,client6_idad_2024_v12,client6_idad_2024,full_size_dirichlet_resampling,0.29999999999999993,111570.0,15,15,7.0,27379.0,7438.0,1.9995772371464615
90,123,client6_idad_2024_v13,client6_idad_2024,full_size_dirichlet_resampling,0.29999999999999993,111570.0,15,15,6.0,37549.0,7438.0,1.870634633009001
90,123,client6_idad_2024_v14,client6_idad_2024,full_size_dirichlet_resampling,0.29999999999999993,111570.0,15,15,5.0,32177.0,7438.0,1.8475006458567196
90,123,client6_idad_2024_v15,client6_idad_2024,full_size_dirichlet_resampling,0.29999999999999993,111570.0,15,15,5.0,51563.0,7438.0,1.4279230530532125
90,123,client6_idad_2024_v2,client6_idad_2024,full_size_dirichlet_resampling,0.29999999999999993,111570.0,15,15,5.0,38163.0,7438.0,1.8431339413975951
90,123,client6_idad_2024_v3,client6_idad_2024,full_size_dirichlet_resampling,0.29999999999999993,111570.0,15,15,5.0,31262.0,7438.0,1.9094193939129203
90,123,client6_idad_2024_v4,client6_idad_2024,full_size_dirichlet_resampling,0.29999999999999993,111570.0,15,15,21.0,51506.0,7438.0,1.515662825345086
90,123,client6_idad_2024_v5,client6_idad_2024,full_size_dirichlet_resampling,0.29999999999999993,111570.0,15,15,5.0,38415.0,7438.0,1.5310550622900714
90,123,client6_idad_2024_v6,client6_idad_2024,full_size_dirichlet_resampling,0.29999999999999993,111570.0,15,15,6.0,32130.0,7438.0,1.9772007123952642
90,123,client6_idad_2024_v7,client6_idad_2024,full_size_dirichlet_resampling,0.29999999999999993,111570.0,15,15,12.0,23935.0,7438.0,2.20408496872734
90,123,client6_idad_2024_v8,client6_idad_2024,full_size_dirichlet_resampling,0.29999999999999993,111570.0,15,15,5.0,41835.0,7438.0,1.6517897516546962
90,123,client6_idad_2024_v9,client6_idad_2024,full_size_dirichlet_resampling,0.29999999999999993,111570.0,15,15,10.0,63313.0,7438.0,1.539661149695672
