clients,seed,client_id,rounds,train_samples,validation_samples,test_samples,bytes_uploaded_mean,final_download_bytes_mean,shared_exchange_bytes_mean,application_bytes_mean,application_bytes_total,poll_bytes_mean,poll_count_mean,upload_rpc_sec_mean,poll_rpc_sec_mean,rpc_time_sec_mean,barrier_wait_sec_mean,poll_sleep_sec_mean,serialization_sec_mean,deserialization_sec_mean,local_training_sec_mean,local_validation_sec_mean,mixed_candidate_eval_sec_mean,global_validation_sec_mean,safety_gate_sec_mean,non_training_overhead_sec_mean,non_training_overhead_percent_mean,round_time_sec_mean,round_time_sec_std,client_total_time_sec,barrier_timeout_count
6,123,client1_ton_iot_v1,20,139999.0,30001.0,30000.0,702.0,702.0,1404.0,2351.7,47034.0,1649.7,2.35,0.00439045,0.0069263499999999995,0.011316799999999998,1.3571453500000001,1.3501239,2.8899999999999998e-05,,32.569338,1.0212581,1.02868095,1.36825345,2.0561087,4.79158195,12.79850175,37.36091985,0.820597024109775,747.218397,0
6,123,client2_cic_iot_2023_v1,20,127250.0,27268.0,27268.0,702.0,702.0,1404.0,17339.4,346788.0,16637.4,23.7,0.004299750000000001,0.09641585,0.10071559999999999,22.8002649,22.70250345,4.095e-05,0.0010287,13.190318600000001,0.461341,0.4498935499999999,0.4465391,0.9146392000000001,24.1704902,64.68953144999999,37.36080885,0.725248530704023,747.2161769999999,0
6,123,client3_unsw_nb15_v1,20,98677.0,21146.0,21146.0,702.0,702.0,1404.0,22990.5,459810.0,22288.5,31.75,0.006672449999999999,0.12591940000000001,0.13259185,30.881284400000006,30.753453649999994,4.3200000000000007e-05,0.0014708,5.6866833,0.25915140000000003,0.25497455,0.23400205000000002,0.5177289999999999,31.6465825,84.76627684999998,37.33326580000001,0.6303169553668262,746.6653160000001,0
6,123,client4_cicids2017_v1,20,139999.0,30001.0,30000.0,702.0,702.0,1404.0,1439.1,28782.0,737.1,1.05,0.013217999999999997,0.00205755,0.015275550000000002,0.052085800000000015,0.0500056,2.76e-05,1.8250000000000003e-05,34.13216065,1.022848,0.9120062000000001,1.17910435,1.9383062,3.18680755,8.537024599999999,37.318968100000006,0.3548655134469802,746.3793620000001,0
6,123,client5_bccc_nrc_2024_v1,20,100095.0,21449.0,21450.0,702.0,702.0,1404.0,10319.4,206388.0,9617.4,13.7,0.003967,0.05765025,0.06161725,12.759692349999998,12.70135395,3.255e-05,0.0005242,21.746020050000002,0.9321023,0.9114278499999999,0.9872357999999999,1.8467150499999998,15.601996599999998,41.7581913,37.348016650000005,0.6834094250735768,746.9603330000001,0
6,123,client6_idad_2024_v1,20,111570.0,23909.0,23909.0,702.0,702.0,1404.0,8529.3,170586.0,7827.3,11.15,0.003932799999999999,0.03892720000000001,0.042859999999999995,10.19056795,10.15111275,3.245e-05,0.000405,24.1868172,0.93381305,0.92538655,1.0509290000000002,1.8624988999999998,13.114548600000001,35.15318760000001,37.30136575,0.6014516154911663,746.027315,0
12,123,client1_ton_iot_v1,20,139999.0,30001.0,30000.0,702.0,702.0,1404.0,3053.7,61074.0,2351.7,3.35,0.00486595,0.014331149999999997,0.0191971,2.3647363,2.3502319,3.344999999999999e-05,,53.321058699999995,1.2191682000000001,1.1815516499999998,2.6437702,2.4046212000000002,7.426096849999999,12.192553100000001,60.74715555,1.3336983204672666,1214.943111,0
12,123,client1_ton_iot_v2,20,139999.0,30001.0,30000.0,702.0,702.0,1404.0,2913.3,58266.0,2211.3,3.15,0.0069440000000000005,0.011770149999999998,0.018714150000000002,2.16224365,2.1502258999999997,3.115e-05,,53.380810600000004,1.23571765,1.1684848999999997,2.7721210500000004,2.408086,7.3565449,12.04905275,60.73735570000001,1.7768669679546722,1214.7471140000002,0
12,123,client2_cic_iot_2023_v1,20,127250.0,27268.0,27268.0,702.0,702.0,1404.0,23060.7,461214.0,22358.7,31.85,0.005538100000000001,0.16236184999999997,0.16789994999999996,31.0189648,30.853973549999996,6.630000000000001e-05,0.00198805,27.0586363,0.88936785,0.8910184999999998,0.8702717000000002,1.7852337999999999,33.6873012,55.44766585,60.74593745,1.191650909779391,1214.918749,0
12,123,client2_cic_iot_2023_v2,20,127250.0,27268.0,27268.0,702.0,702.0,1404.0,23130.9,462618.0,22428.9,31.95,0.0056848,0.16498235,0.17066715000000002,31.1215153,30.953938500000003,6.155e-05,0.00197225,26.942021149999995,0.9743387999999997,0.9137297500000001,0.7617029500000001,1.892735,33.788363350000004,55.57390795,60.730384449999995,1.548790602798552,1214.607689,0
12,123,client3_unsw_nb15_v1,20,98677.0,21146.0,21146.0,702.0,702.0,1404.0,35170.2,703404.0,34468.2,49.1,0.00976645,0.26373955000000004,0.27350599999999997,48.3746808,48.106367649999996,6.874999999999999e-05,0.0034641,11.016662800000002,0.48060990000000003,0.48659074999999996,0.34704845000000006,0.9749802500000001,49.712782700000005,81.85388030000001,60.72944545,1.0164376946545106,1214.588909,0
12,123,client3_unsw_nb15_v2,20,98677.0,21146.0,21146.0,702.0,702.0,1404.0,35135.1,702702.0,34433.1,49.05,0.01715485,0.2655968000000001,0.28275165,48.326521750000005,48.05639865,6.925e-05,0.00335885,11.017934,0.5022658,0.477919,0.3598287,0.9870910499999999,49.6996469,81.8590327,60.71758074999999,1.063778266988195,1214.3516149999998,0
12,123,client4_cicids2017_v1,20,139999.0,30001.0,30000.0,702.0,702.0,1404.0,2035.8,40716.0,1333.8,1.9,0.007462249999999999,0.0078966,0.015358849999999997,0.90807225,0.9000959,2.9949999999999996e-05,6.429999999999999e-05,55.15681639999999,1.1477439000000003,1.07531715,2.37374895,2.22668935,5.522135150000001,9.0408509,60.6789515,1.7537932305504793,1213.5790299999999,0
12,123,client4_cicids2017_v2,20,139999.0,30001.0,30000.0,702.0,702.0,1404.0,2527.2,50544.0,1825.2,2.6,0.00551685,0.012532400000000003,0.01804925,1.6128344,1.6001779499999997,3.07e-05,9.69e-05,54.493541300000004,1.21901795,1.1305294000000001,2.2162075999999997,2.3541057000000003,6.19573045,10.17526835,60.689271700000006,1.3216629211969488,1213.7854340000001,0
12,123,client5_bccc_nrc_2024_v1,20,100095.0,21449.0,21450.0,702.0,702.0,1404.0,14496.3,289926.0,13794.3,19.65,0.006069199999999999,0.1054856,0.11155479999999998,18.75919725,18.6522552,5.8399999999999997e-05,0.0011050499999999998,36.7047954,1.6117828500000002,1.4440289,2.1335977500000003,3.0605800499999996,23.96695505,39.374866149999995,60.67175050000001,1.8985629351342914,1213.4350100000001,0
12,123,client5_bccc_nrc_2024_v2,20,100095.0,21449.0,21450.0,702.0,702.0,1404.0,13057.2,261144.0,12355.2,17.6,0.006753450000000001,0.0792763,0.08602975,16.682595449999997,16.6019499,4.91e-05,0.0009621499999999999,38.87008225,1.41693755,1.3758499499999999,2.2273776,2.7990205500000003,21.7251461,35.79304510000001,60.59522845,1.3085849902227447,1211.904569,0
12,123,client6_idad_2024_v1,20,111570.0,23909.0,23909.0,702.0,702.0,1404.0,11091.6,221832.0,10389.6,14.8,0.008987649999999998,0.05717175,0.06615940000000001,13.859601999999999,13.801469699999998,4.155e-05,0.0007365500000000001,41.73331255000001,1.3103399000000002,1.2631785000000002,2.4397781499999995,2.58008125,18.895281449999995,31.11691645,60.628593849999994,1.7165110547153888,1212.5718769999999,0
12,123,client6_idad_2024_v2,20,111570.0,23909.0,23909.0,702.0,702.0,1404.0,11583.0,231660.0,10881.0,15.5,0.00909845,0.0673268,0.07642525,14.570055199999999,14.501650549999999,4.440000000000001e-05,0.0008234000000000002,41.414765450000004,1.3754239499999998,1.3140551500000002,1.9735495500000002,2.6956135,19.257620199999998,31.71559405,60.672385450000014,1.3801037580836741,1213.4477090000003,0
30,123,client1_ton_iot_v1,20,139999.0,30001.0,30000.0,702.0,702.0,1404.0,4843.8,96876.0,4141.8,5.9,0.004194250000000001,0.033140499999999996,0.03733475000000001,4.93417745,4.9006023,4.45e-05,,144.01282755,1.8419869499999997,1.58829665,8.78099235,3.4363566999999997,17.175263100000002,10.64459545,161.18809085,2.4215769672594547,3223.761817,0
30,123,client1_ton_iot_v2,20,139999.0,30001.0,30000.0,702.0,702.0,1404.0,4422.6,88452.0,3720.6,5.3,0.006627050000000001,0.030900050000000002,0.0375271,4.33184705,4.30043615,4.205e-05,,145.7319844,1.9265977500000002,1.7356197000000002,7.450276000000001,3.66588955,15.47131225,9.581189750000002,161.2032968,3.143189449470456,3224.065936,0
30,123,client1_ton_iot_v3,20,139999.0,30001.0,30000.0,702.0,702.0,1404.0,5229.9,104598.0,4527.9,6.45,0.0059661,0.0375309,0.043497,5.488675700000001,5.450676250000001,4.74e-05,,144.01247565,2.1493373,1.8997034499999998,7.6782828,4.0530276999999995,17.24070235,10.6585946,161.25317794999998,3.4569654463241024,3225.0635589999997,0
30,123,client1_ton_iot_v4,20,139999.0,30001.0,30000.0,702.0,702.0,1404.0,4914.0,98280.0,4212.0,6.0,0.006789300000000001,0.034205400000000004,0.040994699999999995,5.0353005,5.00065835,4.4699999999999996e-05,,145.05261715,2.0825023499999995,1.7365447500000002,7.4039354500000005,3.8236831499999995,16.285140999999996,10.087485999999998,161.33775824999998,3.5828658774465665,3226.7551649999996,0
30,123,client1_ton_iot_v5,20,139999.0,30001.0,30000.0,702.0,702.0,1404.0,5510.7,110214.0,4808.7,6.85,0.004582350000000001,0.04061415,0.0451965,5.89184535,5.8506835,4.7650000000000006e-05,,143.02399970000002,1.9606269500000004,1.7635883499999996,8.53013465,3.7281135000000005,18.1706663,11.25287285,161.19466585,2.666355175267271,3223.893317,0
30,123,client2_cic_iot_2023_v1,20,127250.0,27268.0,27268.0,702.0,702.0,1404.0,55352.7,1107054.0,54650.7,77.85,0.0089069,0.5645138000000001,0.5734207,77.43660910000001,76.85993400000001,0.00014945,0.009070149999999997,75.11318840000001,2.5499936,2.6482965500000004,3.48568135,5.2081385000000004,86.15847385000001,53.4293034,161.27166215000003,2.7314333284657932,3225.4332430000004,0
30,123,client2_cic_iot_2023_v2,20,127250.0,27268.0,27268.0,702.0,702.0,1404.0,54264.6,1085292.0,53562.6,76.3,0.0078889,0.59988425,0.6077731500000001,75.92145095000001,75.30962594999998,0.00015155,0.0087406,76.9032431,2.4779343499999995,2.52209935,3.36040085,5.013342300000001,84.32391045,52.285176600000014,161.2271536,2.4267867264307896,3224.543072,0
30,123,client2_cic_iot_2023_v3,20,127250.0,27268.0,27268.0,702.0,702.0,1404.0,56054.7,1121094.0,55352.7,78.85,0.01131345,0.5910208499999999,0.6023343000000001,78.4634703,77.86016855,0.00015035,0.0091662,73.96769105000001,2.69431175,2.58581115,3.3873102999999993,5.291203950000001,87.17096475,54.083664399999996,161.13865585000002,2.0134704126093808,3222.7731170000006,0
30,123,client2_cic_iot_2023_v4,20,127250.0,27268.0,27268.0,702.0,702.0,1404.0,56265.3,1125306.0,55563.3,79.15,0.012917300000000001,0.5912634000000001,0.6041807,78.76358350000001,78.15994565000001,0.00014865,0.009422,74.17192455,2.6740335500000003,2.5224759500000005,3.03556645,5.2052204,87.03363195,53.97331035,161.20555644999996,2.390671363099021,3224.1111289999994,0
30,123,client2_cic_iot_2023_v5,20,127250.0,27268.0,27268.0,702.0,702.0,1404.0,55844.1,1116882.0,55142.1,78.55,0.00939355,0.5650345,0.57442805,78.13711470000001,77.5596181,0.00015005,0.00916245,75.066881,2.6080008499999994,2.4659129999999996,2.8562258999999997,5.08323165,86.10777225,53.4055353,161.17465314999998,2.8802809267880263,3223.4930629999994,0
30,123,client3_unsw_nb15_v1,20,98677.0,21146.0,21146.0,702.0,702.0,1404.0,84240.0,1684800.0,83538.0,119.0,0.013007399999999997,0.9063485,0.9193559,118.94901160000002,118.01958364999999,0.000194,0.01700425,37.4808221,1.8161357499999997,1.6376575500000001,1.30089505,3.4701212999999997,123.74994655,76.74923815,161.23076879999996,1.953824847420393,3224.6153759999993,0
30,123,client3_unsw_nb15_v2,20,98677.0,21146.0,21146.0,702.0,702.0,1404.0,83538.0,1670760.0,82836.0,118.0,0.0155698,0.9670095000000002,0.9825793000000003,118.00938845,117.01982815,0.00019075,0.016848949999999998,38.25145205,1.8351402499999998,1.7852868499999996,1.2442331,3.63381065,122.92504069999998,76.26457009999999,161.17649285000002,1.791036091798741,3223.5298570000004,0
30,123,client3_unsw_nb15_v3,20,98677.0,21146.0,21146.0,702.0,702.0,1404.0,83713.5,1674270.0,83011.5,118.25,0.019445900000000002,0.9088548000000001,0.9283007,118.20084984999998,117.26998275000001,0.00018334999999999998,0.01663215,37.95820235,1.7155209500000002,1.7466040500000002,1.48141115,3.47569615,123.19360685000001,76.43923485000002,161.15180909999998,1.9524276395813616,3223.036182,0
30,123,client3_unsw_nb15_v4,20,98677.0,21146.0,21146.0,702.0,702.0,1404.0,83608.2,1672164.0,82906.2,118.1,0.011780200000000001,0.9599475499999999,0.97172775,118.10170554999999,117.11962310000001,0.00019045,0.0166344,38.09102455,1.9631749500000002,1.9600178500000003,1.1010983999999997,3.9367469000000006,123.16693495000001,76.37735585,161.25795955,1.8807227420989414,3225.159191,0
30,123,client3_unsw_nb15_v5,20,98677.0,21146.0,21146.0,702.0,702.0,1404.0,83643.3,1672866.0,82941.3,118.15,0.0103317,0.9026827,0.9130144,118.09409585,117.16920920000003,0.00021874999999999998,0.016762199999999998,38.60537744999999,1.8237325500000001,1.66441865,0.86987705,3.50531465,122.49498245,76.03226099999999,161.1003599,2.118520779615836,3222.007198,0
30,123,client4_cicids2017_v1,20,139999.0,30001.0,30000.0,702.0,702.0,1404.0,4352.4,87048.0,3650.4,5.2,0.01214935,0.02586675,0.038016100000000004,4.2266870999999995,4.2004488,3.715e-05,0.00028629999999999997,146.5095356,1.7631825499999998,1.6784027000000001,7.0137839999999985,3.4455173,14.71157025,9.12543695,161.22110594999998,3.368473162894718,3224.422119,0
30,123,client4_cicids2017_v2,20,139999.0,30001.0,30000.0,702.0,702.0,1404.0,4247.1,84942.0,3545.1,5.05,0.008534300000000002,0.0335211,0.04205540000000001,4.084362799999999,4.05050645,4.63e-05,0.00026235,146.79394715,1.7100943999999998,1.6099269499999997,6.881512400000001,3.32534945,14.31621325,8.842624899999999,161.11016039999998,3.357685585196402,3222.203208,0
30,123,client4_cicids2017_v3,20,139999.0,30001.0,30000.0,702.0,702.0,1404.0,4352.4,87048.0,3650.4,5.2,0.00959445,0.025896350000000002,0.0354908,4.22673805,4.200476800000001,3.97e-05,0.0002829,146.12927965,1.9323377000000002,1.752796,7.099625650000002,3.69540825,15.045937549999996,9.30788545,161.17521735,2.6956951772561637,3223.504347,0
30,123,client4_cicids2017_v4,20,139999.0,30001.0,30000.0,702.0,702.0,1404.0,4492.8,89856.0,3790.8,5.4,0.013557099999999999,0.030144299999999995,0.0437014,4.4310661499999995,4.400536449999999,3.7999999999999995e-05,0.0003005,146.9025717,1.7827750000000002,1.56917855,6.522245100000001,3.3617467500000004,14.3424658,8.85615435,161.24503770000004,2.730781645061244,3224.9007540000007,0
30,123,client4_cicids2017_v5,20,139999.0,30001.0,30000.0,702.0,702.0,1404.0,4808.7,96174.0,4106.7,5.85,0.013285,0.039244749999999995,0.05252975000000001,4.89023035,4.850558349999999,4.69e-05,0.00033300000000000007,145.2476399,1.9136127999999997,1.7423575500000001,7.5517098,3.66073795,16.1333078,9.97398635,161.38094765,3.218539303109865,3227.618953,0
30,123,client5_bccc_nrc_2024_v1,20,100095.0,21449.0,21450.0,702.0,702.0,1404.0,26605.8,532116.0,25903.8,36.9,0.007818250000000002,0.2404346,0.24825285,36.148660850000006,35.904098850000004,0.00011145,0.0031244999999999997,112.6917307,3.16731635,3.2341713999999997,6.05573405,6.408358649999999,48.63685445,30.122586599999998,161.3285851,3.5466022091872955,3226.571702,0
30,123,client5_bccc_nrc_2024_v2,20,100095.0,21449.0,21450.0,702.0,702.0,1404.0,25552.8,511056.0,24850.8,35.4,0.0075674,0.26128879999999993,0.2688562,34.66954005,34.40432605,0.00010180000000000001,0.00296685,112.37856730000001,3.6940210999999996,3.6132795,6.754023500000001,7.3268358000000005,48.775957749999996,30.263552550000004,161.15452505,3.0015172005618593,3223.0905009999997,0
30,123,client5_bccc_nrc_2024_v3,20,100095.0,21449.0,21450.0,702.0,702.0,1404.0,24394.5,487890.0,23692.5,33.75,0.00863925,0.245371,0.25401025,33.0028921,32.7537893,0.00010275,0.0028341,114.06432625,3.8970534500000005,3.2513254500000004,6.841013749999999,7.1562141499999985,47.026775900000004,29.168793300000004,161.09110215,3.080617144210663,3221.822043,0
30,123,client5_bccc_nrc_2024_v4,20,100095.0,21449.0,21450.0,702.0,702.0,1404.0,26535.6,530712.0,25833.6,36.8,0.009200999999999999,0.26694864999999995,0.2761496500000001,36.07553265,35.80432975000001,0.00012065,0.0032167999999999997,111.50726685000002,3.7090287,3.5143344000000005,6.276526349999999,7.2311152000000005,49.60834225000001,30.770274450000006,161.11560924999998,3.4339345797607317,3222.3121849999998,0
30,123,client5_bccc_nrc_2024_v5,20,100095.0,21449.0,21450.0,702.0,702.0,1404.0,25833.6,516672.0,25131.6,35.8,0.01076255,0.24360524999999997,0.2543678,35.0517068,34.80412319999999,9.259999999999999e-05,0.0030237999999999997,112.78797334999999,3.87101155,3.5074800500000003,6.219374,7.3861494500000004,48.684604349999994,30.14236975,161.47257754999998,2.5483762644784025,3229.4515509999997,0
30,123,client6_idad_2024_v1,20,111570.0,23909.0,23909.0,702.0,702.0,1404.0,20954.7,419094.0,20252.7,28.85,0.00954585,0.22090119999999996,0.23044705000000004,28.077552400000002,27.85360715,8.64e-05,0.0023025999999999997,118.90678820000001,3.57774785,3.421528000000001,7.130673,7.008714200000002,42.241700949999995,26.19100805,161.14848915000002,3.5332771667050245,3222.9697830000005,0
30,123,client6_idad_2024_v2,20,111570.0,23909.0,23909.0,702.0,702.0,1404.0,21024.9,420498.0,20322.9,28.95,0.01296255,0.19587615,0.20883870000000004,28.152358100000004,27.95350405,7.05e-05,0.00225875,120.7709561,3.16949115,2.8388215999999997,6.0859903,6.0153026,40.28652425,24.976883149999995,161.05748035,3.531417942838473,3221.149607,0
30,123,client6_idad_2024_v3,20,111570.0,23909.0,23909.0,702.0,702.0,1404.0,20287.8,405756.0,19585.8,27.9,0.0057183,0.1762632,0.18198150000000002,27.082534,26.90338485,8.875000000000002e-05,0.0021999000000000003,120.4512968,3.33348625,3.32532645,6.82419005,6.6812433,40.61016440000001,25.187600650000004,161.0614612,4.005302094210937,3221.229224,0
30,123,client6_idad_2024_v4,20,111570.0,23909.0,23909.0,702.0,702.0,1404.0,18954.0,379080.0,18252.0,26.0,0.014737549999999999,0.19254880000000002,0.20728635,25.198199499999998,25.003099550000005,8.96e-05,0.0019376499999999997,123.67479595,3.09119735,2.8916662,6.26183715,5.989717799999999,37.4811136,23.246916549999998,161.15590945000002,3.172639603913377,3223.1181890000003,0
30,123,client6_idad_2024_v5,20,111570.0,23909.0,23909.0,702.0,702.0,1404.0,19094.4,381888.0,18392.4,26.2,0.007157750000000002,0.20164229999999997,0.20880005000000001,25.4075234,25.20321745,8.690000000000001e-05,0.00202475,121.9570689,3.1397842000000002,2.913216,7.6356819,6.067068999999999,39.133741199999996,24.23467775,161.0908099,4.4847687788981485,3221.816198,0
60,123,client1_ton_iot_v1,20,139999.0,30001.0,30000.0,702.0,702.0,1404.0,10951.2,219024.0,10249.2,14.6,0.005510050000000001,0.16730755,0.17281759999999996,13.7705223,13.6021826,6.215e-05,,305.99317030000003,3.59728695,2.7232736,16.764490700000003,6.33488805,36.900561950000004,10.744938750000001,342.89373215000006,5.723413781612872,6857.874643000001,0
60,123,client1_ton_iot_v10,20,139999.0,30001.0,30000.0,702.0,702.0,1404.0,9441.9,188838.0,8739.9,12.45,0.004617100000000001,0.17085045000000001,0.17546755,11.623778249999997,11.452220699999998,4.665e-05,,310.34239125,3.4732192499999996,2.3242477999999993,15.864739600000002,5.80222365,33.32066335,9.664744799999998,343.66305454999997,8.265473608155952,6873.261090999999,0
60,123,client1_ton_iot_v2,20,139999.0,30001.0,30000.0,702.0,702.0,1404.0,10600.2,212004.0,9898.2,14.1,0.004818049999999999,0.14754450000000002,0.15236255,13.250248649999998,13.101794900000002,5.7300000000000004e-05,,306.0906576,4.26855785,3.2515389,16.44799565,7.525481250000001,37.248087899999994,10.8001165,343.33874519999995,10.69481940026846,6866.774903999999,0
60,123,client1_ton_iot_v3,20,139999.0,30001.0,30000.0,702.0,702.0,1404.0,11337.3,226746.0,10635.3,15.15,0.00875585,0.1977449,0.20650075,14.3516607,14.15283365,6.659999999999999e-05,,303.36279525,3.40551125,3.07555435,18.877509300000007,6.48642825,39.7464338,11.532125050000001,343.10922915,10.43454478372239,6862.184582999999,0
60,123,client1_ton_iot_v4,20,139999.0,30001.0,30000.0,702.0,702.0,1404.0,11126.7,222534.0,10424.7,14.85,0.0103629,0.16423870000000002,0.17460159999999997,14.01716015,13.851886099999998,7.285000000000001e-05,,304.67169839999997,4.1770404999999995,3.33637795,16.67872505,7.534065000000001,38.262188300000005,11.133523550000001,342.933887,5.942005576864537,6858.677740000001,0
60,123,client1_ton_iot_v5,20,139999.0,30001.0,30000.0,702.0,702.0,1404.0,11126.7,222534.0,10424.7,14.85,0.0052701499999999995,0.2071815,0.21245165,14.0596444,13.851456200000001,7.25e-05,,305.62329295000006,4.46617045,3.4473629999999993,15.588978849999998,7.919137100000002,37.59522655000001,10.9181712,343.21851965,7.38460707063295,6864.370393,0
60,123,client1_ton_iot_v6,20,139999.0,30001.0,30000.0,702.0,702.0,1404.0,11056.5,221130.0,10354.5,14.75,0.006296899999999999,0.16082135000000003,0.16711825,13.914189150000002,13.7523253,7.189999999999999e-05,,306.59624769999994,3.8898110000000004,3.2092121,16.0219853,7.104826100000001,37.07086995,10.75525645,343.66711755,7.971474106905452,6873.342351,0
60,123,client1_ton_iot_v7,20,139999.0,30001.0,30000.0,702.0,702.0,1404.0,9792.9,195858.0,9090.9,12.95,0.0278077,0.1964519,0.22425960000000003,12.149067149999999,11.95188945,5.605e-05,,305.6034492,3.2959598500000005,2.8076914000000004,20.050547649999995,6.10882095,38.3609692,11.107043449999997,343.96441835,9.527563738554859,6879.288367,0
60,123,client1_ton_iot_v8,20,139999.0,30001.0,30000.0,702.0,702.0,1404.0,10214.1,204282.0,9512.1,13.55,0.017461400000000002,0.23159190000000002,0.2490533,12.784472399999999,12.5520024,5.690000000000001e-05,,306.31150794999996,3.92367985,2.75502855,17.30044555,6.684711499999999,36.809387099999995,10.64705125,343.12089530000003,12.800315587627512,6862.417906000001,0
60,123,client1_ton_iot_v9,20,139999.0,30001.0,30000.0,702.0,702.0,1404.0,11056.5,221130.0,10354.5,14.75,0.014131899999999998,0.16310805,0.17723994999999998,13.916624149999999,13.7524957,7.005e-05,,305.4777292,3.6509946000000006,3.1967464499999996,17.2785603,6.853391049999999,38.08884415,11.0509954,343.56657335,7.786747711019658,6871.331467,0
60,123,client2_cic_iot_2023_v1,20,127250.0,27268.0,27268.0,702.0,702.0,1404.0,111758.4,2235168.0,111056.4,158.2,0.035927749999999994,2.3823658500000002,2.4182935999999997,159.7049674,157.28418455,0.0005305999999999999,0.028860550000000002,165.43817295,6.283538949999999,5.6091713500000004,6.116659449999999,11.916031949999999,177.80380255000003,51.7850865,343.2419755,3.8243455604502645,6864.839510000001,0
60,123,client2_cic_iot_2023_v10,20,127250.0,27268.0,27268.0,702.0,702.0,1404.0,114812.1,2296242.0,114110.1,162.55,0.01521585,2.45095865,2.4661745,164.12341215,161.63193694999998,0.0002484,0.030605399999999998,159.53461225,6.75681275,6.176592100000001,6.56994275,12.954255650000002,183.69355869999998,53.498926100000006,343.228171,5.245377901876769,6864.5634199999995,0
60,123,client2_cic_iot_2023_v2,20,127250.0,27268.0,27268.0,702.0,702.0,1404.0,113197.5,2263950.0,112495.5,160.25,0.013040050000000001,2.35688165,2.3699217000000004,161.7293093,159.3323518,0.00038050000000000003,0.029575450000000003,162.98372625000002,5.8962858,6.2608038,6.51846515,12.1957128,180.48937745000003,52.55565084999999,343.4731035,4.38738429564079,6869.46207,0
60,123,client2_cic_iot_2023_v3,20,127250.0,27268.0,27268.0,702.0,702.0,1404.0,111863.7,2237274.0,111161.7,158.35,0.01448835,2.33170125,2.3461895999999998,159.80664700000003,157.43498245,0.0005412500000000001,0.030977899999999996,164.76620069999998,5.8464808,5.7249495,7.050090899999999,11.59135955,178.49453320000003,51.99235540000001,343.2607338000001,6.04756136683861,6865.214676000001,0
60,123,client2_cic_iot_2023_v4,20,127250.0,27268.0,27268.0,702.0,702.0,1404.0,111547.8,2230956.0,110845.8,157.9,0.0198406,2.3398396999999997,2.3596803,159.36118705,156.9808078,0.00034635,0.030667799999999995,164.08076885,6.30960945,5.96377745,7.3742094499999995,12.30978845,179.09462359999995,52.158188100000004,343.17539255,5.238610389777465,6863.507851,0
60,123,client2_cic_iot_2023_v5,20,127250.0,27268.0,27268.0,702.0,702.0,1404.0,110249.1,2204982.0,109547.1,156.05,0.013877200000000003,2.3113345,2.3252116999999997,157.48497065,155.13407195,0.0007255000000000001,0.029901050000000005,165.65253360000003,5.771303099999999,6.33179025,8.006000949999999,12.122581049999999,177.65470519999997,51.73507875,343.3072388,4.456489078432857,6866.144776,0
60,123,client2_cic_iot_2023_v6,20,127250.0,27268.0,27268.0,702.0,702.0,1404.0,113443.2,2268864.0,112741.2,160.6,0.013685300000000001,2.47247875,2.4861640499999997,162.19504090000004,159.68306850000002,0.0009150499999999999,0.029793999999999998,163.4282839,5.50001555,5.4789356,6.668920999999999,10.99881235,179.9049137,52.41259805,343.33319765000005,5.692833403371534,6866.663953000001,0
60,123,client2_cic_iot_2023_v7,20,127250.0,27268.0,27268.0,702.0,702.0,1404.0,111021.3,2220426.0,110319.3,157.15,0.01749725,2.4071928,2.42469005,158.67270065,156.22647465,0.0008433000000000002,0.030163049999999997,164.2701258,6.773859499999999,6.3587485500000005,7.000953699999999,13.152063099999998,178.87201745,52.09993059999999,343.14214334999997,5.091082846197267,6862.842866999999,0
60,123,client2_cic_iot_2023_v8,20,127250.0,27268.0,27268.0,702.0,702.0,1404.0,115163.1,2303262.0,114461.1,163.05,0.013358299999999998,2.4926456499999996,2.5060039499999998,164.66848225,162.1355219,0.00021859999999999995,0.030782699999999996,159.67869249999998,6.1348012999999995,5.49201955,7.2064394499999995,11.6701412,183.58700615000004,53.496046750000005,343.26569865,4.269395571380964,6865.313973,0
60,123,client2_cic_iot_2023_v9,20,127250.0,27268.0,27268.0,702.0,702.0,1404.0,118883.7,2377674.0,118181.7,168.35,0.015251749999999998,2.5544993000000003,2.56975105,170.04133165,167.44449205,0.0005232500000000001,0.03199130000000001,155.96209034999995,5.584991799999999,5.4858913000000005,6.07495635,11.098286900000002,187.25811660000002,54.53907845,343.22020690000005,4.835550291511473,6864.404138000001,0
60,123,client3_unsw_nb15_v1,20,98677.0,21146.0,21146.0,702.0,702.0,1404.0,171323.1,3426462.0,170621.1,243.05,0.0175504,3.5004885999999997,3.5180389999999995,245.79102144999996,242.22579495,0.0005158,0.0480078,84.92856175,4.9480069,4.2496697,3.1611369,9.225427450000002,258.22971065,75.22702075000001,343.15827255,4.574582793187349,6863.165451,0
60,123,client3_unsw_nb15_v10,20,98677.0,21146.0,21146.0,702.0,702.0,1404.0,173464.2,3469284.0,172762.2,246.1,0.01702795,3.6149110999999996,3.6319390499999997,248.95355080000004,245.27300125000002,0.0006040000000000002,0.04951314999999999,82.02961215000002,4.46698545,4.02580795,3.6172754000000005,8.5167182,261.13270939999995,76.09844299999999,343.16232155,5.441455835719737,6863.246431,0
60,123,client3_unsw_nb15_v2,20,98677.0,21146.0,21146.0,702.0,702.0,1404.0,171498.6,3429972.0,170796.6,243.3,0.01843005,3.57727175,3.5957017999999996,246.10725810000002,242.46531424999998,0.00119135,0.04832789999999999,84.8028079,4.3269359000000005,4.3506233000000005,3.64126645,8.702115950000001,258.50130915,75.29973430000001,343.30411695,3.7304681187684365,6866.082339,0
60,123,client3_unsw_nb15_v3,20,98677.0,21146.0,21146.0,702.0,702.0,1404.0,168164.1,3363282.0,167462.1,238.55,0.0160204,3.51710785,3.53312825,241.29368539999996,237.7151164,0.0009138499999999999,0.04581335,88.68989389999999,5.07543005,3.9933277000000005,3.9342394499999997,9.09158605,254.3675663,74.14374915,343.05746035,4.224726078199186,6861.1492069999995,0
60,123,client3_unsw_nb15_v4,20,98677.0,21146.0,21146.0,702.0,702.0,1404.0,167567.4,3351348.0,166865.4,237.7,0.018195,3.5154231000000005,3.5336180999999995,240.44388869999997,236.86547875000002,0.0009478999999999998,0.047317000000000005,89.08514205,4.821101449999999,5.0685191,3.7022746,9.911328450000001,254.11049905,74.01814590000001,343.19564104999995,5.014946228515305,6863.912820999999,0
60,123,client3_unsw_nb15_v5,20,98677.0,21146.0,21146.0,702.0,702.0,1404.0,166128.3,3322566.0,165426.3,235.65,0.01776045,3.48156745,3.4993279,238.35271630000003,234.80928874999995,0.0003755999999999999,0.046870499999999995,91.70301285000002,4.42964225,4.4676426,4.197130899999999,8.9229961,251.52281680000002,73.25127439999999,343.22582979999993,5.486421573256834,6864.516595999999,0
60,123,client3_unsw_nb15_v6,20,98677.0,21146.0,21146.0,702.0,702.0,1404.0,165040.2,3300804.0,164338.2,234.1,0.017795949999999998,3.51784465,3.5356406,236.8428414,233.26322160000004,0.00022025000000000001,0.046508100000000004,94.15096975,4.36923355,3.67931455,4.127603199999999,8.070313750000002,249.08782609999997,72.56460289999998,343.23879585000003,4.384424815026521,6864.775917000001,0
60,123,client3_unsw_nb15_v7,20,98677.0,21146.0,21146.0,702.0,702.0,1404.0,170094.6,3401892.0,169392.6,241.3,0.0165128,3.5974335999999996,3.6139463999999997,244.13357434999998,240.47217544999998,0.00032114999999999997,0.04755095,85.84907635000002,5.21464075,4.367863900000001,3.5422110000000004,9.608742900000001,257.3297595,74.97428830000001,343.1788358,3.999493086529403,6863.576716,0
60,123,client3_unsw_nb15_v8,20,98677.0,21146.0,21146.0,702.0,702.0,1404.0,168760.8,3375216.0,168058.8,239.4,0.02232215,3.55757355,3.5798956999999993,242.19427545000002,238.57234555000005,0.0002381,0.04735734999999999,86.6623795,4.9246067,4.521159599999999,4.8518593999999995,9.4679674,256.56809934999995,74.75683624999998,343.23047875000003,4.050958467703712,6864.609575,0
60,123,client3_unsw_nb15_v9,20,98677.0,21146.0,21146.0,702.0,702.0,1404.0,171182.7,3423654.0,170480.7,242.85,0.017318700000000003,3.6113048,3.6286235000000007,245.69032035,242.01357590000003,0.0004070000000000001,0.04817145,86.24704275,4.146544199999999,4.05322865,3.1514149,8.222508199999998,257.11120984999997,74.85731835000001,343.3582527,4.1955485985384335,6867.165053999999,0
60,123,client4_cicids2017_v1,20,139999.0,30001.0,30000.0,702.0,702.0,1404.0,11372.4,227448.0,10670.4,15.2,0.006072850000000001,0.2011463,0.20721914999999996,14.404038449999998,14.201700050000003,6.440000000000001e-05,0.0009452999999999999,302.87400254999994,3.7656965999999996,3.5539045000000002,18.24675245,7.3252272000000005,40.004511099999995,11.635656,342.87851385,10.780905121846553,6857.570277,0
60,123,client4_cicids2017_v10,20,139999.0,30001.0,30000.0,702.0,702.0,1404.0,11723.4,234468.0,11021.4,15.7,0.00544745,0.21840600000000002,0.22385345,14.9224073,14.702789599999997,6.88e-05,0.0008959999999999999,306.15099614999997,4.060439949999999,3.4392697500000002,14.708736700000003,7.509752000000001,37.16960335,10.79311285,343.3205995,7.69984448399052,6866.4119900000005,0
60,123,client4_cicids2017_v2,20,139999.0,30001.0,30000.0,702.0,702.0,1404.0,11934.0,238680.0,11232.0,16.0,0.00557865,0.18017425,0.1857529,15.183717550000003,15.002154050000001,8.19e-05,0.0010615999999999998,303.05699219999997,4.7801411,3.9895746,16.2099369,8.8190373,40.24323894999999,11.68269395,343.3002312,7.48186465108437,6866.004624,0
60,123,client4_cicids2017_v3,20,139999.0,30001.0,30000.0,702.0,702.0,1404.0,10670.4,213408.0,9968.4,14.2,0.010446849999999999,0.23499005,0.2454369,13.4382994,13.2023528,6.88e-05,0.0007357999999999999,306.18592639999997,3.58637965,3.15431795,16.426066349999996,6.74604675,36.66263345,10.6790417,342.84855965,5.639495310356774,6856.971193,0
60,123,client4_cicids2017_v4,20,139999.0,30001.0,30000.0,702.0,702.0,1404.0,10951.2,219024.0,10249.2,14.6,0.012766949999999999,0.15572160000000002,0.16848855,13.75887285,13.602247349999999,6.539999999999999e-05,0.00069085,306.9151956,4.122434149999999,3.2245794000000005,14.971024400000001,7.352643949999998,36.11464195,10.49410505,343.02983754999997,7.4439290737935355,6860.596750999999,0
60,123,client4_cicids2017_v5,20,139999.0,30001.0,30000.0,702.0,702.0,1404.0,10635.3,212706.0,9933.3,14.15,0.005174549999999999,0.1854986,0.19067314999999999,13.338196399999998,13.151792749999998,6.385e-05,0.0006967,304.68151594999995,4.164174900000001,3.2583724499999995,18.253306600000005,7.4277635,39.0731024,11.323354050000003,343.75461824999996,10.00559689767745,6875.0923649999995,0
60,123,client4_cicids2017_v6,20,139999.0,30001.0,30000.0,702.0,702.0,1404.0,10881.0,217620.0,10179.0,14.5,0.0055904,0.18829544999999998,0.19388585,13.69115745,13.501919999999998,6.455e-05,0.0007203499999999999,306.30077785000003,4.659457100000001,3.2442262499999996,15.358571800000002,7.909294900000001,36.98849905,10.750658099999999,343.2892768999999,7.7328259188012005,6865.785537999998,0
60,123,client4_cicids2017_v7,20,139999.0,30001.0,30000.0,702.0,702.0,1404.0,11302.2,226044.0,10600.2,15.1,0.005321699999999999,0.21596954999999998,0.22129125,14.319634350000001,14.10255285,6.715e-05,0.0008111500000000001,306.9797765999999,4.188017099999999,3.6710138999999997,14.717649650000002,7.86551135,36.93281855,10.70969035,343.9125951,7.189483928987168,6878.251902,0
60,123,client4_cicids2017_v8,20,139999.0,30001.0,30000.0,702.0,702.0,1404.0,9757.8,195156.0,9055.8,12.9,0.0514926,0.173125,0.22461760000000003,12.075861249999999,11.901969349999998,5e-05,0.00058415,307.97425269999997,3.2433476499999996,2.5399942500000003,17.701168950000003,5.78822685,35.660673599999996,10.3256192,343.6349262499999,10.485215123502648,6872.698524999999,0
60,123,client4_cicids2017_v9,20,139999.0,30001.0,30000.0,702.0,702.0,1404.0,10670.4,213408.0,9968.4,14.2,0.007283200000000001,0.18472840000000001,0.19201159999999998,13.387659050000002,13.202007500000002,6.395e-05,0.00069975,306.59339244999995,3.4186917,2.8930205,16.68030715,6.3238427,36.4208088,10.569187249999999,343.01420135,10.433305300893505,6860.284027,0
60,123,client5_bccc_nrc_2024_v1,20,100095.0,21449.0,21450.0,702.0,702.0,1404.0,41418.0,828360.0,40716.0,58.0,0.03170085,0.7757916499999999,0.8074924999999998,57.79764105,57.01144325,0.00017860000000000003,0.007832750000000001,257.5314722,7.99426785,7.77422045,11.871377849999998,15.784022799999997,85.5118659,24.913819150000002,343.04333794999997,6.563749807870855,6860.866759,0
60,123,client5_bccc_nrc_2024_v10,20,100095.0,21449.0,21450.0,702.0,702.0,1404.0,39382.2,787644.0,38680.2,55.1,0.018213899999999998,0.6851681500000001,0.70338205,54.804299,54.109685,0.00050135,0.0071129,260.94651214999993,8.0873752,8.2849745,10.599109899999998,16.3905999,81.83882685,23.864558449999997,342.785339,5.386087400011009,6855.70678,0
60,123,client5_bccc_nrc_2024_v2,20,100095.0,21449.0,21450.0,702.0,702.0,1404.0,41382.9,827658.0,40680.9,57.95,0.013606999999999998,0.72570005,0.7393070500000001,57.69643515,56.96042630000001,0.00019960000000000003,0.0077404499999999985,253.89561345,8.520277449999998,8.342023050000002,14.420931999999997,16.879195250000002,89.03780345,25.9530351,342.933417,8.095243072615423,6858.66834,0
60,123,client5_bccc_nrc_2024_v3,20,100095.0,21449.0,21450.0,702.0,702.0,1404.0,33660.9,673218.0,32958.9,46.95,0.0152436,0.46726999999999996,0.48251360000000004,46.43276215,45.95754795,0.00017795000000000002,0.00602715,266.19339325,8.963390049999997,7.613759400000001,13.96361165,16.59143575,77.02976105000002,22.343683300000002,343.2231543500001,10.20101444904442,6864.463087000001,0
60,123,client5_bccc_nrc_2024_v4,20,100095.0,21449.0,21450.0,702.0,702.0,1404.0,40049.1,800982.0,39347.1,56.05,0.011328300000000003,0.7477386,0.7590669,55.81810825,55.06038744999999,0.0001859,0.0073472,258.7394343,8.59651755,6.8745423500000005,12.702612199999999,15.48682685,84.0472139,24.456946699999996,342.78664799999996,6.146163652290159,6855.732959999999,0
60,123,client5_bccc_nrc_2024_v5,20,100095.0,21449.0,21450.0,702.0,702.0,1404.0,41663.7,833274.0,40961.7,58.35,0.037971099999999994,0.8180615000000001,0.8560326000000001,58.19260725,57.36373360000001,0.00020069999999999997,0.0079678,256.99751725,8.35483605,6.990945950000001,12.194379799999998,15.36429865,85.81259284999999,24.9690715,342.81011025000004,7.291028299187862,6856.2022050000005,0
60,123,client5_bccc_nrc_2024_v6,20,100095.0,21449.0,21450.0,702.0,702.0,1404.0,42471.0,849420.0,41769.0,59.5,0.013357750000000002,0.79405675,0.8074144999999999,59.31571725,58.51116950000001,0.0002062,0.007867949999999999,255.63607134999998,8.487084900000001,6.79781555,12.596948600000001,15.30140815,87.25626245000001,25.4295228,342.89233385,7.170114433197692,6857.846677,0
60,123,client5_bccc_nrc_2024_v7,20,100095.0,21449.0,21450.0,702.0,702.0,1404.0,38680.2,773604.0,37978.2,54.1,0.01159615,0.7890403,0.80063645,53.907147900000005,53.1089155,0.00016639999999999998,0.0067137,260.4717372,8.61948905,8.664523549999998,11.186020150000001,17.304294849999998,82.43443145,24.035408800000006,342.90616865,6.073931460618347,6858.123372999999,0
60,123,client5_bccc_nrc_2024_v8,20,100095.0,21449.0,21450.0,702.0,702.0,1404.0,42260.4,845208.0,41558.4,59.2,0.01699965,0.82202255,0.8390222000000002,59.046574150000005,58.21314149999999,0.0005303999999999999,0.008520999999999999,257.90284445,8.272346299999999,6.888980749999999,11.203850400000002,15.191445400000001,85.4898754,24.837008450000003,343.39272000000005,6.85713873600212,6867.854400000001,0
60,123,client5_bccc_nrc_2024_v9,20,100095.0,21449.0,21450.0,702.0,702.0,1404.0,42014.7,840294.0,41312.7,58.85,0.011674849999999999,0.775409,0.78708385,58.6477695,57.86179130000001,0.00021225000000000004,0.0078738,256.0159282,7.71893575,7.378269800000001,13.281654249999999,15.131019899999998,87.09938045,25.376524599999996,343.11530860000005,6.707647030560896,6862.3061720000005,0
60,123,client6_idad_2024_v1,20,111570.0,23909.0,23909.0,702.0,702.0,1404.0,23271.3,465426.0,22569.3,32.15,0.009364099999999998,0.4033318,0.4126959,31.562102050000004,31.15431985,0.00010660000000000002,0.0033554,286.9761892,5.6654231,4.5397269499999995,14.353909100000001,10.22658105,56.1738162,16.3697859,343.15000554999995,7.908071113794663,6863.000110999999,0
60,123,client6_idad_2024_v10,20,111570.0,23909.0,23909.0,702.0,702.0,1404.0,16988.4,339768.0,16286.4,23.2,0.0525143,0.283586,0.33610029999999996,22.48940485,22.202863100000002,0.00010290000000000002,0.0022161000000000004,299.1782167,4.2067862,3.26859185,14.019847349999997,7.482242050000002,44.066623500000006,12.8663399,343.24484010000003,9.060344785339128,6864.896802,0
60,123,client6_idad_2024_v2,20,111570.0,23909.0,23909.0,702.0,702.0,1404.0,26289.9,525798.0,25587.9,36.45,0.013781200000000002,0.5221611,0.5359423,35.983180600000004,35.455719699999996,0.00019495,0.0039806500000000005,279.78752555,5.81075305,5.3573511,16.49350085,11.179117750000001,63.696640750000014,18.501220000000004,343.48416635,6.571330977953648,6869.683327000001,0
60,123,client6_idad_2024_v3,20,111570.0,23909.0,23909.0,702.0,702.0,1404.0,24394.5,487890.0,23692.5,33.75,0.010333699999999998,0.48466445,0.49499814999999997,33.24451885,32.75485894999999,0.00011935000000000001,0.00372805,286.2498274,5.61817225,4.55061765,13.468064000000002,10.1828027,56.92702095,16.464536599999995,343.17684835,6.795226396525408,6863.536967,0
60,123,client6_idad_2024_v4,20,111570.0,23909.0,23909.0,702.0,702.0,1404.0,26009.1,520182.0,25307.1,36.05,0.01783275,0.5703919500000001,0.5882247,35.63057325,35.05482825,0.00012964999999999998,0.00401265,283.16309860000007,5.8302823,5.1718074000000005,13.2884541,11.01336465,59.97467475,17.443747000000002,343.13777345,6.927697732088686,6862.755469,0
60,123,client6_idad_2024_v5,20,111570.0,23909.0,23909.0,702.0,702.0,1404.0,22042.8,440856.0,21340.8,30.4,0.0251684,0.27819155,0.30335995000000004,29.686384849999996,29.403959499999992,0.00011245000000000001,0.0031633999999999994,290.05878435,4.98623865,4.294943399999999,14.3548306,9.290143950000001,53.38023754999999,15.5199692,343.4390218500001,6.785458511542033,6868.780437000001,0
60,123,client6_idad_2024_v6,20,111570.0,23909.0,23909.0,702.0,702.0,1404.0,28150.2,563004.0,27448.2,39.1,0.0084575,0.4316548,0.4401123000000001,38.542490349999994,38.10499475,0.00013945,0.004364750000000001,279.78049655,6.413866950000001,5.196797849999999,12.9442872,11.622289349999999,63.141779199999995,18.3713845,342.92227575,8.054181140732455,6858.445514999999,0
60,123,client6_idad_2024_v7,20,111570.0,23909.0,23909.0,702.0,702.0,1404.0,23903.1,478062.0,23201.1,33.05,0.0265125,0.4865614000000001,0.5130739,32.5461509,32.054843,0.0001339,0.0035476499999999994,287.10540884999995,5.3187450499999995,4.704499149999999,13.5866627,10.0318894,56.21379039999999,16.346779,343.3191991,7.128728428660403,6866.383981999999,0
60,123,client6_idad_2024_v8,20,111570.0,23909.0,23909.0,702.0,702.0,1404.0,27062.1,541242.0,26360.1,37.55,0.010574549999999999,0.43284715,0.44342170000000003,36.99371085,36.555021249999996,0.00014505,0.00440535,280.64652659999996,6.13388515,5.647672350000001,13.93922145,11.79690055,62.7675186,18.167360300000002,343.41404515,8.979857656005196,6868.280903,0
60,123,client6_idad_2024_v9,20,111570.0,23909.0,23909.0,702.0,702.0,1404.0,25166.7,503334.0,24464.7,34.85,0.0103201,0.41438455,0.42470464999999996,34.27360305,33.854268250000004,0.00013754999999999998,0.0037239999999999994,282.7071932,6.6815032,4.921681099999999,14.39722405,11.615692800000001,60.32099425,17.5421579,343.0281875,8.214080555066289,6860.56375,0
90,123,client1_ton_iot_v1,20,139999.0,30001.0,30000.0,702.0,702.0,1404.0,19480.5,389610.0,18778.5,26.75,0.02676825,0.7300549,0.75682315,26.485177100000005,25.753449449999998,8.12e-05,,474.97190305000004,6.158341949999999,4.630656149999999,27.71069705,10.79740285,65.04643725000001,11.980592849999999,540.0183403,18.340158237736638,10800.366806,0
90,123,client1_ton_iot_v10,20,139999.0,30001.0,30000.0,702.0,702.0,1404.0,18638.1,372762.0,17936.1,25.55,0.0628556,0.7310016500000001,0.7938572500000001,25.2861492,24.553667949999998,6.565e-05,,481.40352475,4.6899505,3.1282957500000004,25.886914,7.833999400000001,59.099390549999995,10.8805967,540.5029155,14.01682716311985,10810.05831,0
90,123,client1_ton_iot_v11,20,139999.0,30001.0,30000.0,702.0,702.0,1404.0,18006.3,360126.0,17304.3,24.65,0.028351950000000004,0.65908255,0.6874345,24.313729849999994,23.65338275,4.415e-05,,483.9643220000001,3.85117375,2.34182025,26.13562035,6.19913745,56.70794444999999,10.4788244,540.6722665,9.63825662527313,10813.445329999999,0
90,123,client1_ton_iot_v12,20,139999.0,30001.0,30000.0,702.0,702.0,1404.0,19761.3,395226.0,19059.3,27.15,0.01261485,0.77575525,0.7883701,26.93080165,26.153594949999995,6.0199999999999986e-05,,477.76768145000005,4.23125355,3.451236399999999,27.633655799999996,7.7623386,62.36827585000001,11.50508945,540.1359573,13.587199528767295,10802.719146,0
90,123,client1_ton_iot_v13,20,139999.0,30001.0,30000.0,702.0,702.0,1404.0,16321.5,326430.0,15619.5,22.25,0.0071655,0.3604438,0.3676093,21.614157350000003,21.25246035,5.375e-05,,486.49584919999995,3.7441812999999997,3.336688100000001,25.065738849999995,7.100266649999999,53.819136949999994,9.9214043,540.31498635,11.50042268460635,10806.299727000001,0
90,123,client1_ton_iot_v14,20,139999.0,30001.0,30000.0,702.0,702.0,1404.0,19094.4,381888.0,18392.4,26.2,0.00597825,0.63167005,0.6376483,25.83691545,25.20379125,5.5400000000000005e-05,,482.57908349999997,3.7766996000000006,3.2431676000000005,24.612995399999996,7.033665000000001,57.5215932,10.620975099999999,540.10067665,14.057399075339402,10802.013533,0
90,123,client1_ton_iot_v15,20,139999.0,30001.0,30000.0,702.0,702.0,1404.0,17409.6,348192.0,16707.6,23.8,0.04046705,0.6632309500000001,0.7036979999999999,23.467773849999997,22.803252999999998,5.26e-05,,481.16543114999996,4.2897938,2.7660953000000004,28.514741349999998,7.06508125,59.11611275,10.91740415,540.2815439,10.84806663225448,10805.630878,0
90,123,client1_ton_iot_v2,20,139999.0,30001.0,30000.0,702.0,702.0,1404.0,15338.7,306774.0,14636.7,20.85,0.025657000000000003,0.6451466499999999,0.6708036500000001,20.498931300000002,19.8524572,5.885000000000001e-05,,484.7813195999999,4.680712900000001,2.6178154500000006,27.5578918,7.3064259499999995,55.41810055,10.229877499999999,540.1994201000001,12.956648012024674,10803.988402000003,0
90,123,client1_ton_iot_v3,20,139999.0,30001.0,30000.0,702.0,702.0,1404.0,18778.5,375570.0,18076.5,25.75,0.0212984,0.43229325,0.45359165,25.1873201,24.753610799999997,6.529999999999999e-05,,480.92674229999994,4.7279455,4.129919699999999,24.914405449999997,8.870924200000001,59.024059750000006,10.8940228,539.95080205,13.54833068338863,10799.016041,0
90,123,client1_ton_iot_v4,20,139999.0,30001.0,30000.0,702.0,702.0,1404.0,20252.7,405054.0,19550.7,27.85,0.0254594,0.71491235,0.74037175,27.571299400000004,26.854814599999997,7.22e-05,,474.4360826,5.4935308,4.3446489,28.1199931,9.8484343,65.61293325,12.14956705,540.0490157500001,10.954486220256687,10800.980315,0
90,123,client1_ton_iot_v5,20,139999.0,30001.0,30000.0,702.0,702.0,1404.0,19375.2,387504.0,18673.2,26.6,0.007904949999999999,0.39059705000000006,0.398502,25.995374100000003,25.60322075,8.499999999999999e-05,,478.3668800500001,4.6625935,4.46093035,26.957505149999996,9.13029385,62.117737,11.453523,540.4846172,12.351956955058615,10809.692344000001,0
90,123,client1_ton_iot_v6,20,139999.0,30001.0,30000.0,702.0,702.0,1404.0,19445.4,388908.0,18743.4,26.7,0.046642550000000005,0.76856465,0.8152072,26.47382165,25.7037678,7.035e-05,,479.1351954500001,5.5622792500000005,4.13392535,24.955666700000002,9.731726349999999,61.234358399999984,11.28086445,540.3695540000001,14.973159613041114,10807.391080000001,0
90,123,client1_ton_iot_v7,20,139999.0,30001.0,30000.0,702.0,702.0,1404.0,18567.9,371358.0,17865.9,25.45,0.00755405,0.6328528,0.64040685,25.086982099999997,24.45278075,6.19e-05,,482.53114559999995,4.386009799999999,2.9410614,25.78129415,7.3588653,58.26246655,10.73980725,540.79361225,17.77242151048812,10815.872245,0
90,123,client1_ton_iot_v8,20,139999.0,30001.0,30000.0,702.0,702.0,1404.0,20638.8,412776.0,19936.8,28.4,0.00799065,0.5025506,0.51054125,27.90798625,27.40374345,7.165000000000001e-05,,476.8677924500001,5.34044055,3.8906712,26.543990400000002,9.2589251,63.75037775,11.7741307,540.6181701999999,13.810690112061016,10812.363403999998,0
90,123,client1_ton_iot_v9,20,139999.0,30001.0,30000.0,702.0,702.0,1404.0,18111.6,362232.0,17409.6,24.8,0.031440850000000006,0.7008399000000002,0.7322807499999999,24.505064,23.802954800000002,5.0299999999999996e-05,,482.6140310999998,3.8862249999999996,2.8077764499999995,27.397587700000003,6.707185450000002,58.67034249999999,10.81653975,541.2843736499999,14.688824706357686,10825.687472999998,0
90,123,client2_cic_iot_2023_v1,20,127250.0,27268.0,27268.0,702.0,702.0,1404.0,183959.1,3679182.0,183257.1,261.05,0.018052450000000005,6.3339626,6.35201505,266.8167173,260.41991615000006,0.00099025,0.04700345,247.01095300000003,8.04711025,7.717057749999998,11.17402945,15.811287799999997,293.8571715,54.2946685,540.8681245500001,10.678873857693201,10817.362491000002,0
90,123,client2_cic_iot_2023_v10,20,127250.0,27268.0,27268.0,702.0,702.0,1404.0,188451.9,3769038.0,187749.9,267.45,0.020160650000000002,6.55153745,6.571698100000001,273.4393411,266.82343495,0.00149155,0.04834189999999999,238.33998214999997,8.821309549999999,8.5716811,11.175123549999999,17.491764950000004,302.1711681999999,55.89192125000001,540.51115035,8.463882592010826,10810.223007,0
90,123,client2_cic_iot_2023_v11,20,127250.0,27268.0,27268.0,702.0,702.0,1404.0,187083.0,3741660.0,186381.0,265.5,0.024225450000000003,6.4550847000000005,6.479310150000001,271.34678909999997,264.82817650000004,0.0010637,0.047455,241.26407600000002,9.8451042,8.054271250000001,9.853537300000001,17.925179550000003,299.19010555,55.3534245,540.4541814500001,9.130763522098771,10809.083629,0
90,123,client2_cic_iot_2023_v12,20,127250.0,27268.0,27268.0,702.0,702.0,1404.0,188100.9,3762018.0,187398.9,266.95,0.017835900000000002,6.5329326,6.550768499999999,272.83264595,266.23707295,0.00081895,0.04731065,239.05333545000002,9.34996605,8.4119909,10.880696449999999,17.784562300000005,301.55064655000007,55.755048699999996,540.60398185,10.292919816252624,10812.079636999999,0
90,123,client2_cic_iot_2023_v13,20,127250.0,27268.0,27268.0,702.0,702.0,1404.0,183081.6,3661632.0,182379.6,259.8,0.03528055,6.4780432,6.5133237500000005,265.6165311,259.07815070000004,0.0002388,0.04609169999999999,248.0461588,7.748290649999999,7.918494749999999,10.34924515,15.6900643,291.72685705000004,54.033800299999996,539.7730157999999,9.09013403863827,10795.460315999999,0
90,123,client2_cic_iot_2023_v14,20,127250.0,27268.0,27268.0,702.0,702.0,1404.0,183924.0,3678480.0,183222.0,261.0,0.020023350000000002,6.2542111,6.27423445,266.58281165,260.26614085,0.0007167,0.04837685000000001,245.23425344999995,8.442559450000001,8.783176600000001,11.06783895,17.260651349999996,294.97265469999996,54.5904458,540.2069081,10.804910171703977,10804.138162,0
90,123,client2_cic_iot_2023_v15,20,127250.0,27268.0,27268.0,702.0,702.0,1404.0,179641.8,3592836.0,178939.8,254.9,0.017943100000000003,6.2615724,6.2795155000000005,260.5126733000001,254.18983244999998,0.00104725,0.04599385,250.20717405000005,9.478963700000001,8.00971875,12.12615105,17.51071805,290.20446395000005,53.6800663,540.41163805,10.976374328346518,10808.232761,0
90,123,client2_cic_iot_2023_v2,20,127250.0,27268.0,27268.0,702.0,702.0,1404.0,181326.6,3626532.0,180624.6,257.3,0.022023849999999998,6.342257099999999,6.3642809499999995,262.9949114,256.59087625,0.0013617,0.047082,249.55585064999997,7.892549550000001,8.275632850000001,11.58862255,16.1955905,290.8406394500001,53.815425900000015,540.3964901999999,7.535049092768075,10807.929803999998,0
90,123,client2_cic_iot_2023_v3,20,127250.0,27268.0,27268.0,702.0,702.0,1404.0,188487.0,3769740.0,187785.0,267.5,0.020529750000000003,6.69917825,6.719708,273.62026055,266.85403185,0.00054735,0.050421549999999996,238.95181889999998,8.46420975,7.9054628499999975,11.8240424,16.396543700000002,301.90449305000004,55.77503695,540.85631205,12.01318249656241,10817.126241,0
90,123,client2_cic_iot_2023_v4,20,127250.0,27268.0,27268.0,702.0,702.0,1404.0,180027.9,3600558.0,179325.9,255.45,0.04983205,6.46128635,6.511118400000001,261.2736778,254.749685,0.00096105,0.04708325,250.6930343,8.18274695,8.343132700000002,11.526606699999999,16.559139849999998,289.4449793,53.57906845,540.1380135000002,10.192129704832432,10802.760270000002,0
90,123,client2_cic_iot_2023_v5,20,127250.0,27268.0,27268.0,702.0,702.0,1404.0,182695.5,3653910.0,181993.5,259.25,0.01856335,6.24842165,6.266985000000001,264.85213265000004,258.54247305,0.00060025,0.046244099999999996,249.57479959999995,7.795795750000001,7.242292600000001,11.112736250000001,15.060600249999998,291.08316175,53.82808955,540.65796145,8.627621827337046,10813.159229,0
90,123,client2_cic_iot_2023_v6,20,127250.0,27268.0,27268.0,702.0,702.0,1404.0,186135.3,3722706.0,185433.3,264.15,0.019484050000000003,6.421243249999999,6.440727300000001,269.92032985000003,263.43744155,0.0008974999999999999,0.04610750000000001,241.87222379999997,9.72267965,8.654272,10.63006875,18.4024303,299.0154139499999,55.28878235,540.8876379000001,9.279757360265219,10817.752758,0
90,123,client2_cic_iot_2023_v7,20,127250.0,27268.0,27268.0,702.0,702.0,1404.0,180659.7,3613194.0,179957.7,256.35,0.03170535,6.20614525,6.2378506,261.88553564999995,255.61972760000003,0.00023044999999999996,0.04518095,249.54877660000002,9.276674799999999,8.53730255,11.312822550000002,17.848972349999997,291.11609534999997,53.813707650000005,540.66487205,11.038601685394957,10813.297441,0
90,123,client2_cic_iot_2023_v8,20,127250.0,27268.0,27268.0,702.0,702.0,1404.0,188100.9,3762018.0,187398.9,266.95,0.019271050000000005,6.564883049999999,6.584154100000001,272.8922543,266.26499509999996,0.00038124999999999997,0.0472342,239.00932230000004,8.9533104,9.32281505,9.9809023,18.327650900000002,301.25895840000004,55.724899300000004,540.2682808500001,10.462426221732406,10805.365617000001,0
90,123,client2_cic_iot_2023_v9,20,127250.0,27268.0,27268.0,702.0,702.0,1404.0,179150.4,3583008.0,178448.4,254.2,0.023587,6.2914501,6.3150371,259.87264405,253.5212345,0.0008403500000000003,0.045543150000000004,249.84271870000003,9.154916750000002,9.8776702,11.546654700000001,19.0573085,290.53679780000004,53.76225225,540.3795164500001,11.596282992676631,10807.590329000002,0
90,123,client3_unsw_nb15_v1,20,98677.0,21146.0,21146.0,702.0,702.0,1404.0,274833.0,5496660.0,274131.0,390.5,0.02439065,8.884193849999999,8.9085845,398.98678255,390.00308845,0.00056045,0.07414324999999998,121.95115520000002,7.009639700000001,6.621246650000001,5.707067650000001,13.663697099999998,418.44340425,77.41121055,540.39455935,9.024897840755742,10807.891187000001,0
90,123,client3_unsw_nb15_v10,20,98677.0,21146.0,21146.0,702.0,702.0,1404.0,272095.2,5441904.0,271393.2,386.6,0.022326600000000002,8.92878325,8.951109849999998,395.1394562500001,386.1119368,0.0002294,0.074172,125.40358725000002,7.3577005,5.9479820000000005,6.19068275,13.336868,414.72927255,76.7911923,540.1328599000001,8.275248136478162,10802.657198000003,0
90,123,client3_unsw_nb15_v11,20,98677.0,21146.0,21146.0,702.0,702.0,1404.0,268128.9,5362578.0,267426.9,380.95,0.022864449999999998,8.863132400000001,8.885996849999998,389.39879895,380.44130945,0.0007062500000000001,0.07083720000000002,129.36063525,6.627021500000001,6.293163799999999,8.13709245,12.9496027,410.5472726,76.034997,539.90790765,8.331385574041189,10798.158153,0
90,123,client3_unsw_nb15_v12,20,98677.0,21146.0,21146.0,702.0,702.0,1404.0,272832.3,5456646.0,272130.3,387.65,0.024024450000000003,8.95171595,8.9757404,396.23454715,387.18205975,0.0004273,0.07327995,123.43674624999998,7.02503655,7.0170922000000004,6.4140897500000005,14.073451400000001,416.78479630000004,77.1456561,540.22154245,8.017168780054254,10804.430849,0
90,123,client3_unsw_nb15_v13,20,98677.0,21146.0,21146.0,702.0,702.0,1404.0,266233.5,5324670.0,265531.5,378.25,0.028326900000000006,8.780610300000001,8.808937199999999,386.6222689499999,377.74798790000006,0.0010059000000000001,0.07106995,132.71212675,7.5780720000000015,6.718188400000001,6.3854559,14.323513949999997,407.39651,75.42296435,540.10863675,8.655088773319719,10802.172734999998,0
90,123,client3_unsw_nb15_v14,20,98677.0,21146.0,21146.0,702.0,702.0,1404.0,269532.9,5390658.0,268830.9,382.95,0.021736800000000004,8.76452205,8.78625885,391.36234815,382.500496,0.0006768,0.07154595,128.8960051,7.189468749999999,6.73400965,5.830930400000001,13.95572735,411.2082794,76.12870464999999,540.10428455,8.339056508684788,10802.085691,0
90,123,client3_unsw_nb15_v15,20,98677.0,21146.0,21146.0,702.0,702.0,1404.0,267426.9,5348538.0,266724.9,379.95,0.02362945,8.527827599999998,8.55145705,388.0801933,379.45441895,0.00087445,0.0724571,133.54571719999998,5.51249565,6.2402239,6.91455435,11.7816909,406.84092725,75.29012515000001,540.3866444,9.681231060290209,10807.732888,0
90,123,client3_unsw_nb15_v2,20,98677.0,21146.0,21146.0,702.0,702.0,1404.0,270621.0,5412420.0,269919.0,384.5,0.023404050000000003,8.683626450000002,8.707030499999998,392.8029805,384.0192879,0.0008880499999999999,0.07562735000000001,129.38667185000003,5.95669345,6.01675225,6.1552241500000004,12.01285415,411.03516354999994,76.0666607,540.42183525,8.989942729234464,10808.436705,0
90,123,client3_unsw_nb15_v3,20,98677.0,21146.0,21146.0,702.0,702.0,1404.0,266373.9,5327478.0,265671.9,378.45,0.026252199999999996,8.745257749999999,8.771509950000002,386.80209130000003,377.95853705,0.0017675000000000004,0.0746382,133.76077049999998,6.19446485,7.26687005,5.916596650000001,13.49046625,406.2826802,75.2271569,540.04345075,6.727839430296876,10800.869015,0
90,123,client3_unsw_nb15_v4,20,98677.0,21146.0,21146.0,702.0,702.0,1404.0,270972.0,5419440.0,270270.0,385.0,0.0230637,8.7363775,8.7594412,393.33223200000003,384.49994375,0.0003822,0.07207995000000002,127.74733619999999,7.329072699999999,5.92229745,5.833078900000001,13.279785350000001,412.51040664999994,76.34757599999999,540.2577428,9.457915231785774,10805.154856,0
90,123,client3_unsw_nb15_v5,20,98677.0,21146.0,21146.0,702.0,702.0,1404.0,267181.2,5343624.0,266479.2,379.6,0.020589600000000003,8.703858250000001,8.72444785,387.8643141,379.06242545,0.0009859,0.07383529999999999,133.65060935000002,6.736495,5.76748515,6.282081149999999,12.532100000000002,406.73895500000003,75.26740025,540.3895643,8.115439707038087,10807.791286,0
90,123,client3_unsw_nb15_v6,20,98677.0,21146.0,21146.0,702.0,702.0,1404.0,268409.7,5368194.0,267707.7,381.35,0.019422050000000003,8.772416250000001,8.7918383,389.69930725000006,380.8310257499999,0.00099585,0.07191565,130.30394100000004,6.7224509999999995,7.435687849999999,6.0954575,14.18423425,410.04047895,75.8832017,540.34442,7.909865562119368,10806.8884,0
90,123,client3_unsw_nb15_v7,20,98677.0,21146.0,21146.0,702.0,702.0,1404.0,269813.7,5396274.0,269111.7,383.35,0.021866800000000002,8.785892399999998,8.8077592,391.76111579999997,382.87482669999997,0.00085085,0.07489644999999998,128.96950614999997,6.623130400000001,6.3067388,6.584986500000001,12.966734550000002,411.37225794999995,76.11337259999999,540.34176395,7.7189498473173,10806.835278999999,0
90,123,client3_unsw_nb15_v8,20,98677.0,21146.0,21146.0,702.0,702.0,1404.0,266935.5,5338710.0,266233.5,379.25,0.036674849999999995,8.6775443,8.714219150000002,387.5970928,378.82613484999996,0.0008336,0.06993524999999998,132.6046284,6.4361431499999995,5.6756883,7.886162250000001,12.171705249999999,407.72675934999995,75.46764220000001,540.3313878000001,8.851912352788165,10806.627756000002,0
90,123,client3_unsw_nb15_v9,20,98677.0,21146.0,21146.0,702.0,702.0,1404.0,268199.1,5363982.0,267497.1,381.05,0.023390499999999998,8.827195999999997,8.8505865,389.43574774999996,380.5129535,0.0007415000000000001,0.07204210000000001,131.3483821,6.4811521999999995,6.1597314999999995,6.71978105,12.668024449999999,408.88119240000003,75.67976905,540.2295746000001,9.071334708428722,10804.591492000001,0
90,123,client4_cicids2017_v1,20,139999.0,30001.0,30000.0,702.0,702.0,1404.0,20007.0,400140.0,19305.0,27.5,0.0332886,0.7379694499999999,0.7712580499999999,27.242719800000003,26.50322515,7.599999999999999e-05,0.0011614,477.26783835000003,5.5074535,4.2573925,25.7907805,9.791149350000001,62.88856635,11.624537950000002,540.1564046000001,12.835190295539372,10803.128092,0
90,123,client4_cicids2017_v10,20,139999.0,30001.0,30000.0,702.0,702.0,1404.0,16742.7,334854.0,16040.7,22.85,0.016048249999999997,0.5948876500000002,0.6109358999999999,22.448902549999996,21.8527752,5.405e-05,0.00093,487.28677995,4.392145999999999,3.44778175,22.6492124,7.916058050000001,53.06105295000001,9.7519429,540.3478328499999,15.459337933707046,10806.956656999999,0
90,123,client4_cicids2017_v11,20,139999.0,30001.0,30000.0,702.0,702.0,1404.0,21200.4,424008.0,20498.4,29.2,0.09661225,0.67510705,0.7717193,28.880404900000002,28.20366125,6.7e-05,0.0012415999999999998,476.2969121499999,5.61634635,3.7119648000000005,25.4793222,9.348946250000001,63.836128900000006,11.79696595,540.13304105,13.959069525370648,10802.660821,0
90,123,client4_cicids2017_v12,20,139999.0,30001.0,30000.0,702.0,702.0,1404.0,18813.6,376272.0,18111.6,25.8,0.017473049999999997,0.7210942499999999,0.7385672999999999,25.525265400000002,24.802747150000002,6.649999999999999e-05,0.00108715,478.4770298499999,4.91426085,3.6762834999999994,27.772660350000002,8.615191800000002,61.95912305,11.4304949,540.4361527,16.632595288988437,10808.723054,0
90,123,client4_cicids2017_v13,20,139999.0,30001.0,30000.0,702.0,702.0,1404.0,20182.5,403650.0,19480.5,27.75,0.0117948,0.6951561500000001,0.7069509500000001,27.450857050000003,26.75422875,6.005e-05,0.00111485,478.96691684999996,5.297136200000001,4.0480225,24.452253849999998,9.3597614,61.304278499999995,11.32026875,540.2711953500001,14.528109031035108,10805.423907000002,0
90,123,client4_cicids2017_v14,20,139999.0,30001.0,30000.0,702.0,702.0,1404.0,18322.2,366444.0,17620.2,25.1,0.040597100000000004,0.6291406,0.6697377,24.7355363,24.1034079,7.915e-05,0.0026080499999999998,478.05141825,5.5594513,4.2975532,27.385647999999996,9.898744149999999,62.08808245,11.445327199999998,540.1395004999999,17.43028428003792,10802.790009999999,0
90,123,client4_cicids2017_v15,20,139999.0,30001.0,30000.0,702.0,702.0,1404.0,19024.2,380484.0,18322.2,26.1,0.006919699999999999,0.70253405,0.70945375,25.807158049999998,25.10314885,5.89e-05,0.0011367,481.21464735,4.4167536499999995,3.12786345,26.754903000000002,7.559402750000001,60.15598595,11.04142395,541.37063325,20.59993493681707,10827.412665,0
90,123,client4_cicids2017_v2,20,139999.0,30001.0,30000.0,702.0,702.0,1404.0,18006.3,360126.0,17304.3,24.65,0.010767249999999997,0.62714935,0.6379165999999998,24.283136949999996,23.654703,5.799999999999999e-05,0.0009884,482.4067758499999,4.444779800000001,3.3438284000000005,26.0066059,7.7962456000000016,58.1234389,10.72745535,540.5302146500001,15.202630722514789,10810.604293,0
90,123,client4_cicids2017_v3,20,139999.0,30001.0,30000.0,702.0,702.0,1404.0,20709.0,414180.0,20007.0,28.5,0.0100145,0.7483851499999999,0.75839965,28.254887500000006,27.504877850000003,6.989999999999999e-05,0.00124255,479.3911652999999,5.5817051499999994,4.4244681,23.626758450000004,10.013321649999998,61.938695599999996,11.42628765,541.3298609000001,12.073889230279025,10826.597218,0
90,123,client4_cicids2017_v4,20,139999.0,30001.0,30000.0,702.0,702.0,1404.0,18567.9,371358.0,17865.9,25.45,0.017358199999999997,0.7304446499999999,0.7478028499999999,25.185012049999997,24.453252600000003,5.465e-05,0.0009986,477.24576379999996,4.619031,3.4708786,29.794838749999997,8.134463549999998,63.1632005,11.6670099,540.4089642,14.24914915297913,10808.179284,0
90,123,client4_cicids2017_v5,20,139999.0,30001.0,30000.0,702.0,702.0,1404.0,20393.1,407862.0,19691.1,28.05,0.0453458,0.68727095,0.7326167499999999,27.742425250000004,27.0535542,6.185e-05,0.00122205,476.35643235,5.398003449999999,3.2202507000000002,27.61291725,8.627695600000001,64.05601225000001,11.802829,540.4124448,16.07565524227768,10808.248896,0
90,123,client4_cicids2017_v6,20,139999.0,30001.0,30000.0,702.0,702.0,1404.0,20287.8,405756.0,19585.8,27.9,0.006727150000000001,0.7375824500000001,0.7443096,27.642806650000004,26.903577050000003,7.304999999999999e-05,0.00124895,473.26606814999997,5.6201155,3.8988476,29.57259535,9.52561695,66.77851015,12.319064599999999,540.0445784000001,18.228472449633564,10800.891568000003,0
90,123,client4_cicids2017_v7,20,139999.0,30001.0,30000.0,702.0,702.0,1404.0,17058.6,341172.0,16356.6,23.3,0.021079650000000002,0.47828600000000004,0.4993656500000001,22.78330505,22.303770699999998,4.9949999999999994e-05,0.0009499500000000001,487.10983445,4.3739742999999995,2.6654983499999996,23.63370965,7.04985685,53.51759035,9.852318350000001,540.6274246500001,15.606200183955716,10812.548493000002,0
90,123,client4_cicids2017_v8,20,139999.0,30001.0,30000.0,702.0,702.0,1404.0,21305.7,426114.0,20603.7,29.35,0.05272765,0.7039942,0.7567218500000001,29.059303600000003,28.353617250000003,6.755000000000002e-05,0.00131395,473.55812615,5.485782349999999,4.188652199999999,27.894379749999995,9.6883096,66.72709625000002,12.319578199999999,540.2852224000001,14.3708921438672,10805.704448,0
90,123,client4_cicids2017_v9,20,139999.0,30001.0,30000.0,702.0,702.0,1404.0,13864.5,277290.0,13162.5,18.75,0.018516749999999995,0.35845764999999996,0.37697440000000004,18.11156695,17.752246700000004,4.109999999999999e-05,0.00065925,491.88538420000003,3.18046965,2.1267107,25.0426231,5.31848385,48.520314150000004,8.9540515,540.4056983999999,10.951263688584183,10808.113967999998,0
90,123,client5_bccc_nrc_2024_v1,20,100095.0,21449.0,21450.0,702.0,702.0,1404.0,70024.5,1400490.0,69322.5,98.75,0.017359850000000003,2.4728391999999997,2.49019905,100.28857015000001,97.797988,0.00019685,0.012989549999999999,394.09761545,13.22130635,11.75113025,20.837483000000002,24.98972585,146.16916065,26.99608675,540.2667761999999,15.474633037715746,10805.335523999998,0
90,123,client5_bccc_nrc_2024_v10,20,100095.0,21449.0,21450.0,702.0,702.0,1404.0,58792.5,1175850.0,58090.5,82.75,0.030379399999999994,2.1577063999999995,2.1880858,83.95509684999999,81.78331695,0.0001938,0.0106968,410.5251703,12.2306357,11.5902721,21.7158374,23.862301849999994,129.59624760000003,23.93028125,540.12141785,16.858676534311265,10802.428356999999,0
90,123,client5_bccc_nrc_2024_v11,20,100095.0,21449.0,21450.0,702.0,702.0,1404.0,65180.7,1303614.0,64478.7,91.85,0.014802699999999998,2.1703472500000003,2.18514995,93.08166975,90.8954442,0.0003685,0.011966099999999999,402.8236823,12.822131050000001,10.730945149999998,20.365968,23.572735899999998,137.071599,25.3162371,539.8952812,13.150037749823658,10797.905624,0
90,123,client5_bccc_nrc_2024_v12,20,100095.0,21449.0,21450.0,702.0,702.0,1404.0,65882.7,1317654.0,65180.7,92.85,0.01616505,2.1815838000000003,2.19774885,94.0944605,91.89588785,0.00030500000000000004,0.0128605,403.98781815,13.018349450000002,11.62285635,17.210783850000002,24.70547035,136.06186605,25.180722049999996,540.04968405,8.145674165322742,10800.993681,0
90,123,client5_bccc_nrc_2024_v13,20,100095.0,21449.0,21450.0,702.0,702.0,1404.0,63601.2,1272024.0,62899.2,89.6,0.0181763,2.3817976,2.3999739,91.0685584,88.67061809999998,0.0005116000000000001,0.012030450000000002,405.03089230000006,13.376102850000004,12.402910649999999,18.3091469,25.806487600000004,135.23494240000002,24.9996214,540.2658348000001,10.111550879920916,10805.316696000002,0
90,123,client5_bccc_nrc_2024_v14,20,100095.0,21449.0,21450.0,702.0,702.0,1404.0,69111.9,1382238.0,68409.9,97.45,0.01398385,2.3337337499999995,2.3477176,98.85793765000001,96.50636225000001,0.0005194999999999999,0.013456000000000001,397.9601544,12.097410149999998,11.7524034,19.46993015,23.869789349999998,142.24855014999997,26.329553349999998,540.20870455,13.995131991020253,10804.174091,0
90,123,client5_bccc_nrc_2024_v15,20,100095.0,21449.0,21450.0,702.0,702.0,1404.0,67286.7,1345734.0,66584.7,94.85,0.01415705,2.30833905,2.3224960999999995,96.22311199999999,93.89636814999999,0.00020359999999999996,0.0134933,399.31485275000006,13.023132,10.465781250000001,20.469881899999997,23.507848850000002,140.2549948,25.939444200000004,539.5698476,15.850788596404705,10791.396952,0
90,123,client5_bccc_nrc_2024_v2,20,100095.0,21449.0,21450.0,702.0,702.0,1404.0,57809.7,1156194.0,57107.7,81.35,0.039676449999999995,1.9548769,1.99455335,82.35234965,80.38347830000001,0.00034825,0.0103829,416.0874699,11.63414465,10.5527339,19.554289899999997,22.2053381,124.18419345000002,22.95729995,540.2716633500002,12.713038573030909,10805.433267000002,0
90,123,client5_bccc_nrc_2024_v3,20,100095.0,21449.0,21450.0,702.0,702.0,1404.0,66163.5,1323270.0,65461.5,93.25,0.035724149999999996,2.07409525,2.1098194,94.38280574999999,92.2916481,0.0003787,0.012923749999999998,402.9404513,12.7269319,10.148039200000001,19.76072365,22.894330250000003,137.11027145,25.3778157,540.0507227,13.61697606163493,10801.014454,0
90,123,client5_bccc_nrc_2024_v4,20,100095.0,21449.0,21450.0,702.0,702.0,1404.0,58230.9,1164618.0,57528.9,81.95,0.04100050000000001,2.2239816500000003,2.2649821500000002,83.22328175000001,80.98564329999999,0.00032585000000000003,0.0104855,413.6528009500001,12.471571950000001,10.4996033,20.0887958,22.99005415,126.37673419999999,23.3641063,540.0295351999999,13.655221089080765,10800.590703999998,0
90,123,client5_bccc_nrc_2024_v5,20,100095.0,21449.0,21450.0,702.0,702.0,1404.0,68796.0,1375920.0,68094.0,97.0,0.018079400000000002,2.3636254500000002,2.3817048499999998,98.42895089999999,96.04666515,0.00034595,0.01404025,399.32839095,12.936848849999999,11.47999335,17.682317949999998,24.440252750000006,140.60168615,26.036295000000003,539.93007715,6.954095352836774,10798.601542999999,0
90,123,client5_bccc_nrc_2024_v6,20,100095.0,21449.0,21450.0,702.0,702.0,1404.0,67532.4,1350648.0,66830.4,95.2,0.016088949999999998,2.1108147500000003,2.1269036999999997,96.3751811,94.24711765000002,0.000696,0.012866049999999999,400.63550384999996,12.276625750000001,11.681201599999998,19.275119300000004,23.99353575,139.6951168,25.865683150000002,540.33062045,11.238839007994724,10806.612409,0
90,123,client5_bccc_nrc_2024_v7,20,100095.0,21449.0,21450.0,702.0,702.0,1404.0,69076.8,1381536.0,68374.8,97.4,0.01427125,2.4450816,2.45935285,98.9157674,96.45325414999999,0.0006384,0.01332615,398.5917370000001,11.149522600000001,10.66747965,20.36796995,21.835809450000003,141.16950119999998,26.12614135,539.7612379999998,13.239075390142986,10795.224759999997,0
90,123,client5_bccc_nrc_2024_v8,20,100095.0,21449.0,21450.0,702.0,702.0,1404.0,67988.7,1359774.0,67286.7,95.85,0.01616115,2.3838557499999995,2.4000169,97.2996756,94.8977444,0.0009658500000000002,0.013542299999999998,399.59565695000003,14.0120475,11.594976599999999,17.670248500000003,25.626062100000002,140.65036555,26.022856150000003,540.2460224,13.735436787609125,10804.920448,0
90,123,client5_bccc_nrc_2024_v9,20,100095.0,21449.0,21450.0,702.0,702.0,1404.0,57177.9,1143558.0,56475.9,80.45,0.0154656,1.7304095,1.7458751,81.22386264999999,79.48048885,0.0002798,0.009795599999999998,417.52297439999995,11.662657450000001,10.6219934,19.3335602,22.3068667,122.91402395,22.6885981,540.4369985,11.621376547899741,10808.739969999999,0
90,123,client6_idad_2024_v1,20,111570.0,23909.0,23909.0,702.0,702.0,1404.0,48964.5,979290.0,48262.5,68.75,0.015239699999999998,1.66432635,1.67956605,69.44882199999999,67.77413825,0.0004143,0.00789445,429.9210102,10.53429815,9.56505965,21.340519800000003,20.1386803,110.97687605000002,20.487679449999998,540.8978863,12.440720696129627,10817.957726,0
90,123,client6_idad_2024_v10,20,111570.0,23909.0,23909.0,702.0,702.0,1404.0,44050.5,881010.0,43348.5,61.75,0.0154333,1.3633555499999996,1.3787888499999998,62.138315999999996,60.76637665,0.00032385,0.0066384,435.6266021000001,11.31503755,10.319712599999999,20.87884945,21.6673756,104.73178739999999,19.373321600000004,540.3583896,10.25154001623723,10807.167792,0
90,123,client6_idad_2024_v11,20,111570.0,23909.0,23909.0,702.0,702.0,1404.0,45489.6,909792.0,44787.6,63.8,0.012968849999999999,1.4661670999999998,1.4791359500000003,64.30408759999999,62.8285609,0.00036465,0.007159500000000001,428.76704374999997,14.33647535,10.918307350000001,21.3607431,25.302726099999997,111.0197747,20.51318845,539.78681855,12.980430340167693,10795.736371,0
90,123,client6_idad_2024_v12,20,111570.0,23909.0,23909.0,702.0,702.0,1404.0,43208.1,864162.0,42506.1,60.55,0.01160195,1.4817230499999998,1.493325,61.056753300000004,59.566597,0.00033619999999999993,0.0061016,432.77773885,12.646316200000001,10.7658684,23.031550449999997,23.43029055,107.55885275,19.879658300000003,540.3365915500001,12.588136537891412,10806.731831000001,0
90,123,client6_idad_2024_v13,20,111570.0,23909.0,23909.0,702.0,702.0,1404.0,42506.1,850122.0,41804.1,59.55,0.01325085,1.4448841,1.45813495,60.021720800000004,58.56890409999998,0.000183,0.005914850000000001,438.31094565,10.991118049999999,8.74132505,22.004992300000005,19.904502150000003,101.97626775,18.79290735,540.28721355,16.856407116132356,10805.744271000001,0
90,123,client6_idad_2024_v14,20,111570.0,23909.0,23909.0,702.0,702.0,1404.0,47139.3,942786.0,46437.3,66.15,0.01343365,1.49732205,1.5107556999999998,66.68011750000002,65.1721844,0.0004339999999999999,0.0081388,431.68303075000006,11.806294649999998,9.62885435,19.7495652,21.522677799999997,107.99756275,19.9412715,539.6805936999999,11.650509229247621,10793.611873999998,0
90,123,client6_idad_2024_v15,20,111570.0,23909.0,23909.0,702.0,702.0,1404.0,47525.4,950508.0,46823.4,66.7,0.018906249999999996,1.5588486999999998,1.57775495,67.33709455,65.7682979,0.0004529,0.007362100000000001,428.37251195,12.05588635,11.790063400000001,20.27388915,23.90479355,111.56984830000002,20.5975633,539.9423601,11.54190415873443,10798.847201999999,0
90,123,client6_idad_2024_v2,20,111570.0,23909.0,23909.0,702.0,702.0,1404.0,42962.4,859248.0,42260.4,60.2,0.01851175,1.4305123,1.4490240499999998,60.656996400000004,59.21805274999999,0.00021129999999999999,0.006109950000000001,435.95363610000004,11.32842685,9.486162400000001,22.738413799999996,20.8312973,104.27966174999999,19.221640100000002,540.2332979,13.193936045069968,10804.665958,0
90,123,client6_idad_2024_v3,20,111570.0,23909.0,23909.0,702.0,702.0,1404.0,47174.4,943488.0,46472.4,66.2,0.0133138,1.5577657000000003,1.5710795,66.78696235,65.21912669999999,0.00019225,0.007353099999999999,427.90437850000006,12.627240250000002,10.30256965,21.99773815,23.055038550000003,111.8838357,20.690944350000002,539.7882142000001,13.71980801120184,10795.764284,0
90,123,client6_idad_2024_v4,20,111570.0,23909.0,23909.0,702.0,702.0,1404.0,46998.9,939978.0,46296.9,65.95,0.06463945,1.5734705500000001,1.63811,66.5527793,64.96967365,0.0005451,0.007159299999999999,426.48840025,11.3634464,11.692191349999998,23.789640300000002,23.1026253,113.5394229,21.0003274,540.0278228,11.625540245725919,10800.556455999998,0
90,123,client6_idad_2024_v5,20,111570.0,23909.0,23909.0,702.0,702.0,1404.0,47174.4,943488.0,46472.4,66.2,0.02191075,1.6275174,1.6494281499999999,66.858847,65.22121494999999,0.00032865,0.00776505,429.82153485,11.77728145,9.5916452,21.45897845,21.384106699999997,109.76026644999999,20.312230200000002,539.58180135,10.752868970503727,10791.636026999999,0
90,123,client6_idad_2024_v6,20,111570.0,23909.0,23909.0,702.0,702.0,1404.0,46226.7,924534.0,45524.7,64.85,0.013256399999999998,1.7860787500000002,1.7993351499999999,65.6753143,63.879543649999995,0.0005743999999999999,0.007474650000000001,429.48422769999996,10.9386318,10.871883450000002,23.186279250000002,21.8287025,110.73899755,20.4687782,540.2232253499999,13.612358331883947,10804.464506999999,0
90,123,client6_idad_2024_v7,20,111570.0,23909.0,23909.0,702.0,702.0,1404.0,46472.4,929448.0,45770.4,65.2,0.013400600000000002,1.5931526000000003,1.6065532,65.8240394,64.22068485000001,0.000361,0.007954600000000001,431.6745737,10.51596455,9.20858645,22.677393700000003,19.743065899999998,108.29167285000001,20.031801700000003,539.9662465,13.799307392822785,10799.32493,0
90,123,client6_idad_2024_v8,20,111570.0,23909.0,23909.0,702.0,702.0,1404.0,47279.7,945594.0,46577.7,66.35,0.05299835000000001,1.73506885,1.7880672000000004,67.11875715,65.37369989999999,0.00046449999999999996,0.007614499999999999,431.65705184999996,10.870215799999999,9.624036899999998,20.594782299999995,20.51133875,108.3140345,20.0462244,539.97108625,11.154969055742374,10799.421725,0
90,123,client6_idad_2024_v9,20,111570.0,23909.0,23909.0,702.0,702.0,1404.0,49771.8,995436.0,49069.8,69.9,0.16730740000000002,1.6146019000000003,1.7819093,70.55563149999999,68.93054115,0.00032639999999999996,0.007703,424.75314104999995,11.3373138,10.37685245,22.388860450000003,21.751254449999998,114.89618005,21.235812050000003,539.64932105,15.760856616026539,10792.986421000001,0
